{"scale": [[0.16406595706939697, 0.0, 0.0], [0.0, 0.16406595706939697, 0.0], [0.0, 0.0, 0.16406595706939697]], "rot": [[1.0, 0.0, 0.0], [0.0, 0.0, -1.0], [0.0, 1.0, 0.0]]}
