{"scale": [[0.164077490568161, 0.0, 0.0], [0.0, 0.164077490568161, 0.0], [0.0, 0.0, 0.164077490568161]], "rot": [[1.0, 0.0, 0.0], [0.0, 0.0, -1.0], [0.0, 1.0, 0.0]]}
