{"scale": [[0.21982377767562866, 0.0, 0.0], [0.0, 0.21982377767562866, 0.0], [0.0, 0.0, 0.21982377767562866]], "rot": [[1.0, 0.0, 0.0], [0.0, 0.0, -1.0], [0.0, 1.0, 0.0]]}
