{"scale": [[0.16934853792190552, 0.0, 0.0], [0.0, 0.16934853792190552, 0.0], [0.0, 0.0, 0.16934853792190552]], "rot": [[1.0, 0.0, 0.0], [0.0, 0.0, -1.0], [0.0, 1.0, 0.0]]}
