{"scale": [[0.1410827934741974, 0.0, 0.0], [0.0, 0.1410827934741974, 0.0], [0.0, 0.0, 0.1410827934741974]], "rot": [[1.0, 0.0, 0.0], [0.0, 0.0, -1.0], [0.0, 1.0, 0.0]]}
