{"scale": [[0.22930501401424408, 0.0, 0.0], [0.0, 0.22930501401424408, 0.0], [0.0, 0.0, 0.22930501401424408]], "rot": [[1.0, 0.0, 0.0], [0.0, 0.0, -1.0], [0.0, 1.0, 0.0]]}
