{"scale": [[0.22196313738822937, 0.0, 0.0], [0.0, 0.22196313738822937, 0.0], [0.0, 0.0, 0.22196313738822937]], "rot": [[1.0, 0.0, 0.0], [0.0, 0.0, -1.0], [0.0, 1.0, 0.0]]}
