{"scale": [[0.17674298584461212, 0.0, 0.0], [0.0, 0.17674298584461212, 0.0], [0.0, 0.0, 0.17674298584461212]], "rot": [[1.0, 0.0, 0.0], [0.0, 0.0, -1.0], [0.0, 1.0, 0.0]]}
