{"scale": [[0.2240523248910904, 0.0, 0.0], [0.0, 0.2240523248910904, 0.0], [0.0, 0.0, 0.2240523248910904]], "rot": [[1.0, 0.0, 0.0], [0.0, 0.0, -1.0], [0.0, 1.0, 0.0]]}
