{"scale": [[0.21259908378124237, 0.0, 0.0], [0.0, 0.21259908378124237, 0.0], [0.0, 0.0, 0.21259908378124237]], "rot": [[1.0, 0.0, 0.0], [0.0, 0.0, -1.0], [0.0, 1.0, 0.0]]}
