{"scale": [[0.15982381999492645, 0.0, 0.0], [0.0, 0.15982381999492645, 0.0], [0.0, 0.0, 0.15982381999492645]], "rot": [[1.0, 0.0, 0.0], [0.0, 0.0, -1.0], [0.0, 1.0, 0.0]]}
