{"scale": [[0.2218017727136612, 0.0, 0.0], [0.0, 0.2218017727136612, 0.0], [0.0, 0.0, 0.2218017727136612]], "rot": [[1.0, 0.0, 0.0], [0.0, 0.0, -1.0], [0.0, 1.0, 0.0]]}
