{"scale": [[0.2083350270986557, 0.0, 0.0], [0.0, 0.2083350270986557, 0.0], [0.0, 0.0, 0.2083350270986557]], "rot": [[1.0, 0.0, 0.0], [0.0, 0.0, -1.0], [0.0, 1.0, 0.0]]}
