{"scale": [[0.227265402674675, 0.0, 0.0], [0.0, 0.227265402674675, 0.0], [0.0, 0.0, 0.227265402674675]], "rot": [[1.0, 0.0, 0.0], [0.0, 0.0, -1.0], [0.0, 1.0, 0.0]]}
