{"scale": [[0.21779222786426544, 0.0, 0.0], [0.0, 0.21779222786426544, 0.0], [0.0, 0.0, 0.21779222786426544]], "rot": [[1.0, 0.0, 0.0], [0.0, 0.0, -1.0], [0.0, 1.0, 0.0]]}
