{"scale": [[0.13802294433116913, 0.0, 0.0], [0.0, 0.13802294433116913, 0.0], [0.0, 0.0, 0.13802294433116913]], "rot": [[1.0, 0.0, 0.0], [0.0, 0.0, -1.0], [0.0, 1.0, 0.0]]}
