{"scale": [[0.2460521161556244, 0.0, 0.0], [0.0, 0.2460521161556244, 0.0], [0.0, 0.0, 0.2460521161556244]], "rot": [[1.0, 0.0, 0.0], [0.0, 0.0, -1.0], [0.0, 1.0, 0.0]]}
