{"scale": [[0.19302989542484283, 0.0, 0.0], [0.0, 0.19302989542484283, 0.0], [0.0, 0.0, 0.19302989542484283]], "rot": [[1.0, 0.0, 0.0], [0.0, 0.0, -1.0], [0.0, 1.0, 0.0]]}
