{"scale": [[0.23805025219917297, 0.0, 0.0], [0.0, 0.23805025219917297, 0.0], [0.0, 0.0, 0.23805025219917297]], "rot": [[1.0, 0.0, 0.0], [0.0, 0.0, -1.0], [0.0, 1.0, 0.0]]}
