{"scale": [[0.2998899817466736, 0.0, 0.0], [0.0, 0.2998899817466736, 0.0], [0.0, 0.0, 0.2998899817466736]], "rot": [[1.0, 0.0, 0.0], [0.0, 0.0, -1.0], [0.0, 1.0, 0.0]]}
