{"scale": [[0.14523747563362122, 0.0, 0.0], [0.0, 0.14523747563362122, 0.0], [0.0, 0.0, 0.14523747563362122]], "rot": [[1.0, 0.0, 0.0], [0.0, 0.0, -1.0], [0.0, 1.0, 0.0]]}
