{"scale": [[0.28630566596984863, 0.0, 0.0], [0.0, 0.28630566596984863, 0.0], [0.0, 0.0, 0.28630566596984863]], "rot": [[1.0, 0.0, 0.0], [0.0, 0.0, -1.0], [0.0, 1.0, 0.0]]}
