{"scale": [[0.2064571976661682, 0.0, 0.0], [0.0, 0.2064571976661682, 0.0], [0.0, 0.0, 0.2064571976661682]], "rot": [[1.0, 0.0, 0.0], [0.0, 0.0, -1.0], [0.0, 1.0, 0.0]]}
