{"scale": [[0.21843883395195007, 0.0, 0.0], [0.0, 0.21843883395195007, 0.0], [0.0, 0.0, 0.21843883395195007]], "rot": [[1.0, 0.0, 0.0], [0.0, 0.0, -1.0], [0.0, 1.0, 0.0]]}
