{"scale": [[0.1513114720582962, 0.0, 0.0], [0.0, 0.1513114720582962, 0.0], [0.0, 0.0, 0.1513114720582962]], "rot": [[1.0, 0.0, 0.0], [0.0, 0.0, -1.0], [0.0, 1.0, 0.0]]}
