{"scale": [[0.13248465955257416, 0.0, 0.0], [0.0, 0.13248465955257416, 0.0], [0.0, 0.0, 0.13248465955257416]], "rot": [[1.0, 0.0, 0.0], [0.0, 0.0, -1.0], [0.0, 1.0, 0.0]]}
