{"scale": [[0.279654860496521, 0.0, 0.0], [0.0, 0.279654860496521, 0.0], [0.0, 0.0, 0.279654860496521]], "rot": [[1.0, 0.0, 0.0], [0.0, 0.0, -1.0], [0.0, 1.0, 0.0]]}
