{"scale": [[0.1703270673751831, 0.0, 0.0], [0.0, 0.1703270673751831, 0.0], [0.0, 0.0, 0.1703270673751831]], "rot": [[1.0, 0.0, 0.0], [0.0, 0.0, -1.0], [0.0, 1.0, 0.0]]}
