{"scale": [[0.27995890378952026, 0.0, 0.0], [0.0, 0.27995890378952026, 0.0], [0.0, 0.0, 0.27995890378952026]], "rot": [[1.0, 0.0, 0.0], [0.0, 0.0, -1.0], [0.0, 1.0, 0.0]]}
