{"scale": [[0.21403928101062775, 0.0, 0.0], [0.0, 0.21403928101062775, 0.0], [0.0, 0.0, 0.21403928101062775]], "rot": [[1.0, 0.0, 0.0], [0.0, 0.0, -1.0], [0.0, 1.0, 0.0]]}
