{"scale": [[0.27461254596710205, 0.0, 0.0], [0.0, 0.27461254596710205, 0.0], [0.0, 0.0, 0.27461254596710205]], "rot": [[1.0, 0.0, 0.0], [0.0, 0.0, -1.0], [0.0, 1.0, 0.0]]}
