{"scale": [[0.14002928137779236, 0.0, 0.0], [0.0, 0.14002928137779236, 0.0], [0.0, 0.0, 0.14002928137779236]], "rot": [[1.0, 0.0, 0.0], [0.0, 0.0, -1.0], [0.0, 1.0, 0.0]]}
