{"scale": [[0.2116789072751999, 0.0, 0.0], [0.0, 0.2116789072751999, 0.0], [0.0, 0.0, 0.2116789072751999]], "rot": [[1.0, 0.0, 0.0], [0.0, 0.0, -1.0], [0.0, 1.0, 0.0]]}
