{"scale": [[0.13152816891670227, 0.0, 0.0], [0.0, 0.13152816891670227, 0.0], [0.0, 0.0, 0.13152816891670227]], "rot": [[1.0, 0.0, 0.0], [0.0, 0.0, -1.0], [0.0, 1.0, 0.0]]}
