{"scale": [[0.15720818936824799, 0.0, 0.0], [0.0, 0.15720818936824799, 0.0], [0.0, 0.0, 0.15720818936824799]], "rot": [[1.0, 0.0, 0.0], [0.0, 0.0, -1.0], [0.0, 1.0, 0.0]]}
