{"scale": [[0.17319978773593903, 0.0, 0.0], [0.0, 0.17319978773593903, 0.0], [0.0, 0.0, 0.17319978773593903]], "rot": [[1.0, 0.0, 0.0], [0.0, 0.0, -1.0], [0.0, 1.0, 0.0]]}
