{"scale": [[0.23356764018535614, 0.0, 0.0], [0.0, 0.23356764018535614, 0.0], [0.0, 0.0, 0.23356764018535614]], "rot": [[1.0, 0.0, 0.0], [0.0, 0.0, -1.0], [0.0, 1.0, 0.0]]}
