{"scale": [[0.2957468330860138, 0.0, 0.0], [0.0, 0.2957468330860138, 0.0], [0.0, 0.0, 0.2957468330860138]], "rot": [[1.0, 0.0, 0.0], [0.0, 0.0, -1.0], [0.0, 1.0, 0.0]]}
