{"scale": [[0.23332884907722473, 0.0, 0.0], [0.0, 0.23332884907722473, 0.0], [0.0, 0.0, 0.23332884907722473]], "rot": [[1.0, 0.0, 0.0], [0.0, 0.0, -1.0], [0.0, 1.0, 0.0]]}
