{"scale": [[0.304220587015152, 0.0, 0.0], [0.0, 0.304220587015152, 0.0], [0.0, 0.0, 0.304220587015152]], "rot": [[1.0, 0.0, 0.0], [0.0, 0.0, -1.0], [0.0, 1.0, 0.0]]}
