{"scale": [[0.15286006033420563, 0.0, 0.0], [0.0, 0.15286006033420563, 0.0], [0.0, 0.0, 0.15286006033420563]], "rot": [[1.0, 0.0, 0.0], [0.0, 0.0, -1.0], [0.0, 1.0, 0.0]]}
