{"scale": [[0.25408658385276794, 0.0, 0.0], [0.0, 0.25408658385276794, 0.0], [0.0, 0.0, 0.25408658385276794]], "rot": [[1.0, 0.0, 0.0], [0.0, 0.0, -1.0], [0.0, 1.0, 0.0]]}
