{"scale": [[0.215598925948143, 0.0, 0.0], [0.0, 0.215598925948143, 0.0], [0.0, 0.0, 0.215598925948143]], "rot": [[1.0, 0.0, 0.0], [0.0, 0.0, -1.0], [0.0, 1.0, 0.0]]}
