{"scale": [[0.2417532205581665, 0.0, 0.0], [0.0, 0.2417532205581665, 0.0], [0.0, 0.0, 0.2417532205581665]], "rot": [[1.0, 0.0, 0.0], [0.0, 0.0, -1.0], [0.0, 1.0, 0.0]]}
