{"scale": [[0.18143153190612793, 0.0, 0.0], [0.0, 0.18143153190612793, 0.0], [0.0, 0.0, 0.18143153190612793]], "rot": [[1.0, 0.0, 0.0], [0.0, 0.0, -1.0], [0.0, 1.0, 0.0]]}
