{"scale": [[0.24276067316532135, 0.0, 0.0], [0.0, 0.24276067316532135, 0.0], [0.0, 0.0, 0.24276067316532135]], "rot": [[1.0, 0.0, 0.0], [0.0, 0.0, -1.0], [0.0, 1.0, 0.0]]}
