{"scale": [[0.19148680567741394, 0.0, 0.0], [0.0, 0.19148680567741394, 0.0], [0.0, 0.0, 0.19148680567741394]], "rot": [[1.0, 0.0, 0.0], [0.0, 0.0, -1.0], [0.0, 1.0, 0.0]]}
