{"scale": [[0.20649665594100952, 0.0, 0.0], [0.0, 0.20649665594100952, 0.0], [0.0, 0.0, 0.20649665594100952]], "rot": [[1.0, 0.0, 0.0], [0.0, 0.0, -1.0], [0.0, 1.0, 0.0]]}
