{"scale": [[0.26525864005088806, 0.0, 0.0], [0.0, 0.26525864005088806, 0.0], [0.0, 0.0, 0.26525864005088806]], "rot": [[1.0, 0.0, 0.0], [0.0, 0.0, -1.0], [0.0, 1.0, 0.0]]}
