{"scale": [[0.22722268104553223, 0.0, 0.0], [0.0, 0.22722268104553223, 0.0], [0.0, 0.0, 0.22722268104553223]], "rot": [[1.0, 0.0, 0.0], [0.0, 0.0, -1.0], [0.0, 1.0, 0.0]]}
