{"scale": [[0.22984588146209717, 0.0, 0.0], [0.0, 0.22984588146209717, 0.0], [0.0, 0.0, 0.22984588146209717]], "rot": [[1.0, 0.0, 0.0], [0.0, 0.0, -1.0], [0.0, 1.0, 0.0]]}
