{"scale": [[0.2412995845079422, 0.0, 0.0], [0.0, 0.2412995845079422, 0.0], [0.0, 0.0, 0.2412995845079422]], "rot": [[1.0, 0.0, 0.0], [0.0, 0.0, -1.0], [0.0, 1.0, 0.0]]}
