{"scale": [[0.25902414321899414, 0.0, 0.0], [0.0, 0.25902414321899414, 0.0], [0.0, 0.0, 0.25902414321899414]], "rot": [[1.0, 0.0, 0.0], [0.0, 0.0, -1.0], [0.0, 1.0, 0.0]]}
