{"scale": [[0.1713608354330063, 0.0, 0.0], [0.0, 0.1713608354330063, 0.0], [0.0, 0.0, 0.1713608354330063]], "rot": [[1.0, 0.0, 0.0], [0.0, 0.0, -1.0], [0.0, 1.0, 0.0]]}
