{"scale": [[0.14859312772750854, 0.0, 0.0], [0.0, 0.14859312772750854, 0.0], [0.0, 0.0, 0.14859312772750854]], "rot": [[1.0, 0.0, 0.0], [0.0, 0.0, -1.0], [0.0, 1.0, 0.0]]}
