{"scale": [[0.15294905006885529, 0.0, 0.0], [0.0, 0.15294905006885529, 0.0], [0.0, 0.0, 0.15294905006885529]], "rot": [[1.0, 0.0, 0.0], [0.0, 0.0, -1.0], [0.0, 1.0, 0.0]]}
