{"scale": [[0.21282437443733215, 0.0, 0.0], [0.0, 0.21282437443733215, 0.0], [0.0, 0.0, 0.21282437443733215]], "rot": [[1.0, 0.0, 0.0], [0.0, 0.0, -1.0], [0.0, 1.0, 0.0]]}
