{"scale": [[0.23673656582832336, 0.0, 0.0], [0.0, 0.23673656582832336, 0.0], [0.0, 0.0, 0.23673656582832336]], "rot": [[1.0, 0.0, 0.0], [0.0, 0.0, -1.0], [0.0, 1.0, 0.0]]}
