{"scale": [[0.18136954307556152, 0.0, 0.0], [0.0, 0.18136954307556152, 0.0], [0.0, 0.0, 0.18136954307556152]], "rot": [[1.0, 0.0, 0.0], [0.0, 0.0, -1.0], [0.0, 1.0, 0.0]]}
