{"scale": [[0.22749345004558563, 0.0, 0.0], [0.0, 0.22749345004558563, 0.0], [0.0, 0.0, 0.22749345004558563]], "rot": [[1.0, 0.0, 0.0], [0.0, 0.0, -1.0], [0.0, 1.0, 0.0]]}
