{"scale": [[0.29092884063720703, 0.0, 0.0], [0.0, 0.29092884063720703, 0.0], [0.0, 0.0, 0.29092884063720703]], "rot": [[1.0, 0.0, 0.0], [0.0, 0.0, -1.0], [0.0, 1.0, 0.0]]}
