{"scale": [[0.23987865447998047, 0.0, 0.0], [0.0, 0.23987865447998047, 0.0], [0.0, 0.0, 0.23987865447998047]], "rot": [[1.0, 0.0, 0.0], [0.0, 0.0, -1.0], [0.0, 1.0, 0.0]]}
