{"scale": [[0.26483353972435, 0.0, 0.0], [0.0, 0.26483353972435, 0.0], [0.0, 0.0, 0.26483353972435]], "rot": [[1.0, 0.0, 0.0], [0.0, 0.0, -1.0], [0.0, 1.0, 0.0]]}
