{"scale": [[0.1549912840127945, 0.0, 0.0], [0.0, 0.1549912840127945, 0.0], [0.0, 0.0, 0.1549912840127945]], "rot": [[1.0, 0.0, 0.0], [0.0, 0.0, -1.0], [0.0, 1.0, 0.0]]}
