{"scale": [[0.1552911400794983, 0.0, 0.0], [0.0, 0.1552911400794983, 0.0], [0.0, 0.0, 0.1552911400794983]], "rot": [[1.0, 0.0, 0.0], [0.0, 0.0, -1.0], [0.0, 1.0, 0.0]]}
