{"scale": [[0.24111464619636536, 0.0, 0.0], [0.0, 0.24111464619636536, 0.0], [0.0, 0.0, 0.24111464619636536]], "rot": [[1.0, 0.0, 0.0], [0.0, 0.0, -1.0], [0.0, 1.0, 0.0]]}
