{"scale": [[0.16681373119354248, 0.0, 0.0], [0.0, 0.16681373119354248, 0.0], [0.0, 0.0, 0.16681373119354248]], "rot": [[1.0, 0.0, 0.0], [0.0, 0.0, -1.0], [0.0, 1.0, 0.0]]}
