{"scale": [[0.22819329798221588, 0.0, 0.0], [0.0, 0.22819329798221588, 0.0], [0.0, 0.0, 0.22819329798221588]], "rot": [[1.0, 0.0, 0.0], [0.0, 0.0, -1.0], [0.0, 1.0, 0.0]]}
