{"scale": [[0.23437005281448364, 0.0, 0.0], [0.0, 0.23437005281448364, 0.0], [0.0, 0.0, 0.23437005281448364]], "rot": [[1.0, 0.0, 0.0], [0.0, 0.0, -1.0], [0.0, 1.0, 0.0]]}
