{"scale": [[0.14867794513702393, 0.0, 0.0], [0.0, 0.14867794513702393, 0.0], [0.0, 0.0, 0.14867794513702393]], "rot": [[1.0, 0.0, 0.0], [0.0, 0.0, -1.0], [0.0, 1.0, 0.0]]}
