{"scale": [[0.2157503068447113, 0.0, 0.0], [0.0, 0.2157503068447113, 0.0], [0.0, 0.0, 0.2157503068447113]], "rot": [[1.0, 0.0, 0.0], [0.0, 0.0, -1.0], [0.0, 1.0, 0.0]]}
