{"scale": [[0.23120449483394623, 0.0, 0.0], [0.0, 0.23120449483394623, 0.0], [0.0, 0.0, 0.23120449483394623]], "rot": [[1.0, 0.0, 0.0], [0.0, 0.0, -1.0], [0.0, 1.0, 0.0]]}
