{"scale": [[0.1891569346189499, 0.0, 0.0], [0.0, 0.1891569346189499, 0.0], [0.0, 0.0, 0.1891569346189499]], "rot": [[1.0, 0.0, 0.0], [0.0, 0.0, -1.0], [0.0, 1.0, 0.0]]}
