{"scale": [[0.22038164734840393, 0.0, 0.0], [0.0, 0.22038164734840393, 0.0], [0.0, 0.0, 0.22038164734840393]], "rot": [[1.0, 0.0, 0.0], [0.0, 0.0, -1.0], [0.0, 1.0, 0.0]]}
