{"scale": [[0.22976736724376678, 0.0, 0.0], [0.0, 0.22976736724376678, 0.0], [0.0, 0.0, 0.22976736724376678]], "rot": [[1.0, 0.0, 0.0], [0.0, 0.0, -1.0], [0.0, 1.0, 0.0]]}
