{"scale": [[0.27464279532432556, 0.0, 0.0], [0.0, 0.27464279532432556, 0.0], [0.0, 0.0, 0.27464279532432556]], "rot": [[1.0, 0.0, 0.0], [0.0, 0.0, -1.0], [0.0, 1.0, 0.0]]}
