{"scale": [[0.17328549921512604, 0.0, 0.0], [0.0, 0.17328549921512604, 0.0], [0.0, 0.0, 0.17328549921512604]], "rot": [[1.0, 0.0, 0.0], [0.0, 0.0, -1.0], [0.0, 1.0, 0.0]]}
