{"scale": [[0.20124928653240204, 0.0, 0.0], [0.0, 0.20124928653240204, 0.0], [0.0, 0.0, 0.20124928653240204]], "rot": [[1.0, 0.0, 0.0], [0.0, 0.0, -1.0], [0.0, 1.0, 0.0]]}
