{"scale": [[0.1774805784225464, 0.0, 0.0], [0.0, 0.1774805784225464, 0.0], [0.0, 0.0, 0.1774805784225464]], "rot": [[1.0, 0.0, 0.0], [0.0, 0.0, -1.0], [0.0, 1.0, 0.0]]}
