{"scale": [[0.15206602215766907, 0.0, 0.0], [0.0, 0.15206602215766907, 0.0], [0.0, 0.0, 0.15206602215766907]], "rot": [[1.0, 0.0, 0.0], [0.0, 0.0, -1.0], [0.0, 1.0, 0.0]]}
