{"scale": [[0.2256137728691101, 0.0, 0.0], [0.0, 0.2256137728691101, 0.0], [0.0, 0.0, 0.2256137728691101]], "rot": [[1.0, 0.0, 0.0], [0.0, 0.0, -1.0], [0.0, 1.0, 0.0]]}
