{"scale": [[0.20740076899528503, 0.0, 0.0], [0.0, 0.20740076899528503, 0.0], [0.0, 0.0, 0.20740076899528503]], "rot": [[1.0, 0.0, 0.0], [0.0, 0.0, -1.0], [0.0, 1.0, 0.0]]}
