{"scale": [[0.14775237441062927, 0.0, 0.0], [0.0, 0.14775237441062927, 0.0], [0.0, 0.0, 0.14775237441062927]], "rot": [[1.0, 0.0, 0.0], [0.0, 0.0, -1.0], [0.0, 1.0, 0.0]]}
