{"scale": [[0.23761984705924988, 0.0, 0.0], [0.0, 0.23761984705924988, 0.0], [0.0, 0.0, 0.23761984705924988]], "rot": [[1.0, 0.0, 0.0], [0.0, 0.0, -1.0], [0.0, 1.0, 0.0]]}
