{"scale": [[0.20586217939853668, 0.0, 0.0], [0.0, 0.20586217939853668, 0.0], [0.0, 0.0, 0.20586217939853668]], "rot": [[1.0, 0.0, 0.0], [0.0, 0.0, -1.0], [0.0, 1.0, 0.0]]}
