{"scale": [[0.21201755106449127, 0.0, 0.0], [0.0, 0.21201755106449127, 0.0], [0.0, 0.0, 0.21201755106449127]], "rot": [[1.0, 0.0, 0.0], [0.0, 0.0, -1.0], [0.0, 1.0, 0.0]]}
