{"scale": [[0.272777795791626, 0.0, 0.0], [0.0, 0.272777795791626, 0.0], [0.0, 0.0, 0.272777795791626]], "rot": [[1.0, 0.0, 0.0], [0.0, 0.0, -1.0], [0.0, 1.0, 0.0]]}
