{"scale": [[0.18120171129703522, 0.0, 0.0], [0.0, 0.18120171129703522, 0.0], [0.0, 0.0, 0.18120171129703522]], "rot": [[1.0, 0.0, 0.0], [0.0, 0.0, -1.0], [0.0, 1.0, 0.0]]}
