{"scale": [[0.26361411809921265, 0.0, 0.0], [0.0, 0.26361411809921265, 0.0], [0.0, 0.0, 0.26361411809921265]], "rot": [[1.0, 0.0, 0.0], [0.0, 0.0, -1.0], [0.0, 1.0, 0.0]]}
