{"scale": [[0.21023985743522644, 0.0, 0.0], [0.0, 0.21023985743522644, 0.0], [0.0, 0.0, 0.21023985743522644]], "rot": [[1.0, 0.0, 0.0], [0.0, 0.0, -1.0], [0.0, 1.0, 0.0]]}
