{"scale": [[0.12735211849212646, 0.0, 0.0], [0.0, 0.12735211849212646, 0.0], [0.0, 0.0, 0.12735211849212646]], "rot": [[1.0, 0.0, 0.0], [0.0, 0.0, -1.0], [0.0, 1.0, 0.0]]}
