{"scale": [[0.24497132003307343, 0.0, 0.0], [0.0, 0.24497132003307343, 0.0], [0.0, 0.0, 0.24497132003307343]], "rot": [[1.0, 0.0, 0.0], [0.0, 0.0, -1.0], [0.0, 1.0, 0.0]]}
