{"scale": [[0.18339398503303528, 0.0, 0.0], [0.0, 0.18339398503303528, 0.0], [0.0, 0.0, 0.18339398503303528]], "rot": [[1.0, 0.0, 0.0], [0.0, 0.0, -1.0], [0.0, 1.0, 0.0]]}
