{"scale": [[0.23820623755455017, 0.0, 0.0], [0.0, 0.23820623755455017, 0.0], [0.0, 0.0, 0.23820623755455017]], "rot": [[1.0, 0.0, 0.0], [0.0, 0.0, -1.0], [0.0, 1.0, 0.0]]}
