{"scale": [[0.29942962527275085, 0.0, 0.0], [0.0, 0.29942962527275085, 0.0], [0.0, 0.0, 0.29942962527275085]], "rot": [[1.0, 0.0, 0.0], [0.0, 0.0, -1.0], [0.0, 1.0, 0.0]]}
