{"scale": [[0.21871383488178253, 0.0, 0.0], [0.0, 0.21871383488178253, 0.0], [0.0, 0.0, 0.21871383488178253]], "rot": [[1.0, 0.0, 0.0], [0.0, 0.0, -1.0], [0.0, 1.0, 0.0]]}
