{"scale": [[0.27322086691856384, 0.0, 0.0], [0.0, 0.27322086691856384, 0.0], [0.0, 0.0, 0.27322086691856384]], "rot": [[1.0, 0.0, 0.0], [0.0, 0.0, -1.0], [0.0, 1.0, 0.0]]}
