{"scale": [[0.1735212802886963, 0.0, 0.0], [0.0, 0.1735212802886963, 0.0], [0.0, 0.0, 0.1735212802886963]], "rot": [[1.0, 0.0, 0.0], [0.0, 0.0, -1.0], [0.0, 1.0, 0.0]]}
