{"scale": [[0.14635953307151794, 0.0, 0.0], [0.0, 0.14635953307151794, 0.0], [0.0, 0.0, 0.14635953307151794]], "rot": [[1.0, 0.0, 0.0], [0.0, 0.0, -1.0], [0.0, 1.0, 0.0]]}
