{"scale": [[0.22772569954395294, 0.0, 0.0], [0.0, 0.22772569954395294, 0.0], [0.0, 0.0, 0.22772569954395294]], "rot": [[1.0, 0.0, 0.0], [0.0, 0.0, -1.0], [0.0, 1.0, 0.0]]}
