{"scale": [[0.16024483740329742, 0.0, 0.0], [0.0, 0.16024483740329742, 0.0], [0.0, 0.0, 0.16024483740329742]], "rot": [[1.0, 0.0, 0.0], [0.0, 0.0, -1.0], [0.0, 1.0, 0.0]]}
