{"scale": [[0.25348687171936035, 0.0, 0.0], [0.0, 0.25348687171936035, 0.0], [0.0, 0.0, 0.25348687171936035]], "rot": [[1.0, 0.0, 0.0], [0.0, 0.0, -1.0], [0.0, 1.0, 0.0]]}
