{"scale": [[0.161494642496109, 0.0, 0.0], [0.0, 0.161494642496109, 0.0], [0.0, 0.0, 0.161494642496109]], "rot": [[1.0, 0.0, 0.0], [0.0, 0.0, -1.0], [0.0, 1.0, 0.0]]}
