{"scale": [[0.24257692694664001, 0.0, 0.0], [0.0, 0.24257692694664001, 0.0], [0.0, 0.0, 0.24257692694664001]], "rot": [[1.0, 0.0, 0.0], [0.0, 0.0, -1.0], [0.0, 1.0, 0.0]]}
