{"scale": [[0.22570496797561646, 0.0, 0.0], [0.0, 0.22570496797561646, 0.0], [0.0, 0.0, 0.22570496797561646]], "rot": [[1.0, 0.0, 0.0], [0.0, 0.0, -1.0], [0.0, 1.0, 0.0]]}
