{"scale": [[0.17796234786510468, 0.0, 0.0], [0.0, 0.17796234786510468, 0.0], [0.0, 0.0, 0.17796234786510468]], "rot": [[1.0, 0.0, 0.0], [0.0, 0.0, -1.0], [0.0, 1.0, 0.0]]}
