{"scale": [[0.17369908094406128, 0.0, 0.0], [0.0, 0.17369908094406128, 0.0], [0.0, 0.0, 0.17369908094406128]], "rot": [[1.0, 0.0, 0.0], [0.0, 0.0, -1.0], [0.0, 1.0, 0.0]]}
