{"scale": [[0.2598651349544525, 0.0, 0.0], [0.0, 0.2598651349544525, 0.0], [0.0, 0.0, 0.2598651349544525]], "rot": [[1.0, 0.0, 0.0], [0.0, 0.0, -1.0], [0.0, 1.0, 0.0]]}
