{"scale": [[0.17027097940444946, 0.0, 0.0], [0.0, 0.17027097940444946, 0.0], [0.0, 0.0, 0.17027097940444946]], "rot": [[1.0, 0.0, 0.0], [0.0, 0.0, -1.0], [0.0, 1.0, 0.0]]}
