{"scale": [[0.22803311049938202, 0.0, 0.0], [0.0, 0.22803311049938202, 0.0], [0.0, 0.0, 0.22803311049938202]], "rot": [[1.0, 0.0, 0.0], [0.0, 0.0, -1.0], [0.0, 1.0, 0.0]]}
