{"scale": [[0.219349205493927, 0.0, 0.0], [0.0, 0.219349205493927, 0.0], [0.0, 0.0, 0.219349205493927]], "rot": [[1.0, 0.0, 0.0], [0.0, 0.0, -1.0], [0.0, 1.0, 0.0]]}
