{"scale": [[0.2085229456424713, 0.0, 0.0], [0.0, 0.2085229456424713, 0.0], [0.0, 0.0, 0.2085229456424713]], "rot": [[1.0, 0.0, 0.0], [0.0, 0.0, -1.0], [0.0, 1.0, 0.0]]}
