{"scale": [[0.2644675076007843, 0.0, 0.0], [0.0, 0.2644675076007843, 0.0], [0.0, 0.0, 0.2644675076007843]], "rot": [[1.0, 0.0, 0.0], [0.0, 0.0, -1.0], [0.0, 1.0, 0.0]]}
