{"scale": [[0.27865439653396606, 0.0, 0.0], [0.0, 0.27865439653396606, 0.0], [0.0, 0.0, 0.27865439653396606]], "rot": [[1.0, 0.0, 0.0], [0.0, 0.0, -1.0], [0.0, 1.0, 0.0]]}
