{"scale": [[0.21578893065452576, 0.0, 0.0], [0.0, 0.21578893065452576, 0.0], [0.0, 0.0, 0.21578893065452576]], "rot": [[1.0, 0.0, 0.0], [0.0, 0.0, -1.0], [0.0, 1.0, 0.0]]}
