{"scale": [[0.2702299952507019, 0.0, 0.0], [0.0, 0.2702299952507019, 0.0], [0.0, 0.0, 0.2702299952507019]], "rot": [[1.0, 0.0, 0.0], [0.0, 0.0, -1.0], [0.0, 1.0, 0.0]]}
