{"scale": [[0.17912256717681885, 0.0, 0.0], [0.0, 0.17912256717681885, 0.0], [0.0, 0.0, 0.17912256717681885]], "rot": [[1.0, 0.0, 0.0], [0.0, 0.0, -1.0], [0.0, 1.0, 0.0]]}
