{"scale": [[0.2538336217403412, 0.0, 0.0], [0.0, 0.2538336217403412, 0.0], [0.0, 0.0, 0.2538336217403412]], "rot": [[1.0, 0.0, 0.0], [0.0, 0.0, -1.0], [0.0, 1.0, 0.0]]}
