{"scale": [[0.3058852255344391, 0.0, 0.0], [0.0, 0.3058852255344391, 0.0], [0.0, 0.0, 0.3058852255344391]], "rot": [[1.0, 0.0, 0.0], [0.0, 0.0, -1.0], [0.0, 1.0, 0.0]]}
