{"scale": [[0.2552420198917389, 0.0, 0.0], [0.0, 0.2552420198917389, 0.0], [0.0, 0.0, 0.2552420198917389]], "rot": [[1.0, 0.0, 0.0], [0.0, 0.0, -1.0], [0.0, 1.0, 0.0]]}
