{"scale": [[0.14819464087486267, 0.0, 0.0], [0.0, 0.14819464087486267, 0.0], [0.0, 0.0, 0.14819464087486267]], "rot": [[1.0, 0.0, 0.0], [0.0, 0.0, -1.0], [0.0, 1.0, 0.0]]}
