{"scale": [[0.20295359194278717, 0.0, 0.0], [0.0, 0.20295359194278717, 0.0], [0.0, 0.0, 0.20295359194278717]], "rot": [[1.0, 0.0, 0.0], [0.0, 0.0, -1.0], [0.0, 1.0, 0.0]]}
