{"scale": [[0.25231868028640747, 0.0, 0.0], [0.0, 0.25231868028640747, 0.0], [0.0, 0.0, 0.25231868028640747]], "rot": [[1.0, 0.0, 0.0], [0.0, 0.0, -1.0], [0.0, 1.0, 0.0]]}
