{"scale": [[0.2383015751838684, 0.0, 0.0], [0.0, 0.2383015751838684, 0.0], [0.0, 0.0, 0.2383015751838684]], "rot": [[1.0, 0.0, 0.0], [0.0, 0.0, -1.0], [0.0, 1.0, 0.0]]}
