{"scale": [[0.1575937569141388, 0.0, 0.0], [0.0, 0.1575937569141388, 0.0], [0.0, 0.0, 0.1575937569141388]], "rot": [[1.0, 0.0, 0.0], [0.0, 0.0, -1.0], [0.0, 1.0, 0.0]]}
