{"scale": [[0.2274613231420517, 0.0, 0.0], [0.0, 0.2274613231420517, 0.0], [0.0, 0.0, 0.2274613231420517]], "rot": [[1.0, 0.0, 0.0], [0.0, 0.0, -1.0], [0.0, 1.0, 0.0]]}
