{"scale": [[0.2907068729400635, 0.0, 0.0], [0.0, 0.2907068729400635, 0.0], [0.0, 0.0, 0.2907068729400635]], "rot": [[1.0, 0.0, 0.0], [0.0, 0.0, -1.0], [0.0, 1.0, 0.0]]}
