{"scale": [[0.16677598655223846, 0.0, 0.0], [0.0, 0.16677598655223846, 0.0], [0.0, 0.0, 0.16677598655223846]], "rot": [[1.0, 0.0, 0.0], [0.0, 0.0, -1.0], [0.0, 1.0, 0.0]]}
