{"scale": [[0.204385444521904, 0.0, 0.0], [0.0, 0.204385444521904, 0.0], [0.0, 0.0, 0.204385444521904]], "rot": [[1.0, 0.0, 0.0], [0.0, 0.0, -1.0], [0.0, 1.0, 0.0]]}
