{"scale": [[0.2758212089538574, 0.0, 0.0], [0.0, 0.2758212089538574, 0.0], [0.0, 0.0, 0.2758212089538574]], "rot": [[1.0, 0.0, 0.0], [0.0, 0.0, -1.0], [0.0, 1.0, 0.0]]}
