{"scale": [[0.22934378683567047, 0.0, 0.0], [0.0, 0.22934378683567047, 0.0], [0.0, 0.0, 0.22934378683567047]], "rot": [[1.0, 0.0, 0.0], [0.0, 0.0, -1.0], [0.0, 1.0, 0.0]]}
