{"scale": [[0.16746999323368073, 0.0, 0.0], [0.0, 0.16746999323368073, 0.0], [0.0, 0.0, 0.16746999323368073]], "rot": [[1.0, 0.0, 0.0], [0.0, 0.0, -1.0], [0.0, 1.0, 0.0]]}
