{"scale": [[0.2596761882305145, 0.0, 0.0], [0.0, 0.2596761882305145, 0.0], [0.0, 0.0, 0.2596761882305145]], "rot": [[1.0, 0.0, 0.0], [0.0, 0.0, -1.0], [0.0, 1.0, 0.0]]}
