{"scale": [[0.29848021268844604, 0.0, 0.0], [0.0, 0.29848021268844604, 0.0], [0.0, 0.0, 0.29848021268844604]], "rot": [[1.0, 0.0, 0.0], [0.0, 0.0, -1.0], [0.0, 1.0, 0.0]]}
