{"scale": [[0.1928883194923401, 0.0, 0.0], [0.0, 0.1928883194923401, 0.0], [0.0, 0.0, 0.1928883194923401]], "rot": [[1.0, 0.0, 0.0], [0.0, 0.0, -1.0], [0.0, 1.0, 0.0]]}
