{"scale": [[0.16742749512195587, 0.0, 0.0], [0.0, 0.16742749512195587, 0.0], [0.0, 0.0, 0.16742749512195587]], "rot": [[1.0, 0.0, 0.0], [0.0, 0.0, -1.0], [0.0, 1.0, 0.0]]}
