{"scale": [[0.24562625586986542, 0.0, 0.0], [0.0, 0.24562625586986542, 0.0], [0.0, 0.0, 0.24562625586986542]], "rot": [[1.0, 0.0, 0.0], [0.0, 0.0, -1.0], [0.0, 1.0, 0.0]]}
