{"scale": [[0.1555580347776413, 0.0, 0.0], [0.0, 0.1555580347776413, 0.0], [0.0, 0.0, 0.1555580347776413]], "rot": [[1.0, 0.0, 0.0], [0.0, 0.0, -1.0], [0.0, 1.0, 0.0]]}
