{"scale": [[0.25574877858161926, 0.0, 0.0], [0.0, 0.25574877858161926, 0.0], [0.0, 0.0, 0.25574877858161926]], "rot": [[1.0, 0.0, 0.0], [0.0, 0.0, -1.0], [0.0, 1.0, 0.0]]}
