{"scale": [[0.1607414335012436, 0.0, 0.0], [0.0, 0.1607414335012436, 0.0], [0.0, 0.0, 0.1607414335012436]], "rot": [[1.0, 0.0, 0.0], [0.0, 0.0, -1.0], [0.0, 1.0, 0.0]]}
