{"scale": [[0.23794099688529968, 0.0, 0.0], [0.0, 0.23794099688529968, 0.0], [0.0, 0.0, 0.23794099688529968]], "rot": [[1.0, 0.0, 0.0], [0.0, 0.0, -1.0], [0.0, 1.0, 0.0]]}
