{"scale": [[0.2528204321861267, 0.0, 0.0], [0.0, 0.2528204321861267, 0.0], [0.0, 0.0, 0.2528204321861267]], "rot": [[1.0, 0.0, 0.0], [0.0, 0.0, -1.0], [0.0, 1.0, 0.0]]}
