{"scale": [[0.1672907918691635, 0.0, 0.0], [0.0, 0.1672907918691635, 0.0], [0.0, 0.0, 0.1672907918691635]], "rot": [[1.0, 0.0, 0.0], [0.0, 0.0, -1.0], [0.0, 1.0, 0.0]]}
