{"scale": [[0.26592889428138733, 0.0, 0.0], [0.0, 0.26592889428138733, 0.0], [0.0, 0.0, 0.26592889428138733]], "rot": [[1.0, 0.0, 0.0], [0.0, 0.0, -1.0], [0.0, 1.0, 0.0]]}
