{"scale": [[0.17245148122310638, 0.0, 0.0], [0.0, 0.17245148122310638, 0.0], [0.0, 0.0, 0.17245148122310638]], "rot": [[1.0, 0.0, 0.0], [0.0, 0.0, -1.0], [0.0, 1.0, 0.0]]}
