{"scale": [[0.2082827240228653, 0.0, 0.0], [0.0, 0.2082827240228653, 0.0], [0.0, 0.0, 0.2082827240228653]], "rot": [[1.0, 0.0, 0.0], [0.0, 0.0, -1.0], [0.0, 1.0, 0.0]]}
