{"scale": [[0.22161640226840973, 0.0, 0.0], [0.0, 0.22161640226840973, 0.0], [0.0, 0.0, 0.22161640226840973]], "rot": [[1.0, 0.0, 0.0], [0.0, 0.0, -1.0], [0.0, 1.0, 0.0]]}
