{"scale": [[0.16723670065402985, 0.0, 0.0], [0.0, 0.16723670065402985, 0.0], [0.0, 0.0, 0.16723670065402985]], "rot": [[1.0, 0.0, 0.0], [0.0, 0.0, -1.0], [0.0, 1.0, 0.0]]}
