{"scale": [[0.26925259828567505, 0.0, 0.0], [0.0, 0.26925259828567505, 0.0], [0.0, 0.0, 0.26925259828567505]], "rot": [[1.0, 0.0, 0.0], [0.0, 0.0, -1.0], [0.0, 1.0, 0.0]]}
