{"scale": [[0.14631704986095428, 0.0, 0.0], [0.0, 0.14631704986095428, 0.0], [0.0, 0.0, 0.14631704986095428]], "rot": [[1.0, 0.0, 0.0], [0.0, 0.0, -1.0], [0.0, 1.0, 0.0]]}
