{"scale": [[0.2697802484035492, 0.0, 0.0], [0.0, 0.2697802484035492, 0.0], [0.0, 0.0, 0.2697802484035492]], "rot": [[1.0, 0.0, 0.0], [0.0, 0.0, -1.0], [0.0, 1.0, 0.0]]}
