{"scale": [[0.2763400673866272, 0.0, 0.0], [0.0, 0.2763400673866272, 0.0], [0.0, 0.0, 0.2763400673866272]], "rot": [[1.0, 0.0, 0.0], [0.0, 0.0, -1.0], [0.0, 1.0, 0.0]]}
