{"scale": [[0.2918277084827423, 0.0, 0.0], [0.0, 0.2918277084827423, 0.0], [0.0, 0.0, 0.2918277084827423]], "rot": [[1.0, 0.0, 0.0], [0.0, 0.0, -1.0], [0.0, 1.0, 0.0]]}
