{"scale": [[0.24267710745334625, 0.0, 0.0], [0.0, 0.24267710745334625, 0.0], [0.0, 0.0, 0.24267710745334625]], "rot": [[1.0, 0.0, 0.0], [0.0, 0.0, -1.0], [0.0, 1.0, 0.0]]}
