{"scale": [[0.1733567863702774, 0.0, 0.0], [0.0, 0.1733567863702774, 0.0], [0.0, 0.0, 0.1733567863702774]], "rot": [[1.0, 0.0, 0.0], [0.0, 0.0, -1.0], [0.0, 1.0, 0.0]]}
