{"scale": [[0.2106994241476059, 0.0, 0.0], [0.0, 0.2106994241476059, 0.0], [0.0, 0.0, 0.2106994241476059]], "rot": [[1.0, 0.0, 0.0], [0.0, 0.0, -1.0], [0.0, 1.0, 0.0]]}
