{"scale": [[0.17760100960731506, 0.0, 0.0], [0.0, 0.17760100960731506, 0.0], [0.0, 0.0, 0.17760100960731506]], "rot": [[1.0, 0.0, 0.0], [0.0, 0.0, -1.0], [0.0, 1.0, 0.0]]}
