{"scale": [[0.16247373819351196, 0.0, 0.0], [0.0, 0.16247373819351196, 0.0], [0.0, 0.0, 0.16247373819351196]], "rot": [[1.0, 0.0, 0.0], [0.0, 0.0, -1.0], [0.0, 1.0, 0.0]]}
