{"scale": [[0.16932432353496552, 0.0, 0.0], [0.0, 0.16932432353496552, 0.0], [0.0, 0.0, 0.16932432353496552]], "rot": [[1.0, 0.0, 0.0], [0.0, 0.0, -1.0], [0.0, 1.0, 0.0]]}
