{"scale": [[0.2524840533733368, 0.0, 0.0], [0.0, 0.2524840533733368, 0.0], [0.0, 0.0, 0.2524840533733368]], "rot": [[1.0, 0.0, 0.0], [0.0, 0.0, -1.0], [0.0, 1.0, 0.0]]}
