{"scale": [[0.13239514827728271, 0.0, 0.0], [0.0, 0.13239514827728271, 0.0], [0.0, 0.0, 0.13239514827728271]], "rot": [[1.0, 0.0, 0.0], [0.0, 0.0, -1.0], [0.0, 1.0, 0.0]]}
