{"scale": [[0.23785653710365295, 0.0, 0.0], [0.0, 0.23785653710365295, 0.0], [0.0, 0.0, 0.23785653710365295]], "rot": [[1.0, 0.0, 0.0], [0.0, 0.0, -1.0], [0.0, 1.0, 0.0]]}
