{"scale": [[0.28273865580558777, 0.0, 0.0], [0.0, 0.28273865580558777, 0.0], [0.0, 0.0, 0.28273865580558777]], "rot": [[1.0, 0.0, 0.0], [0.0, 0.0, -1.0], [0.0, 1.0, 0.0]]}
