{"scale": [[0.2760544419288635, 0.0, 0.0], [0.0, 0.2760544419288635, 0.0], [0.0, 0.0, 0.2760544419288635]], "rot": [[1.0, 0.0, 0.0], [0.0, 0.0, -1.0], [0.0, 1.0, 0.0]]}
