{"scale": [[0.16810789704322815, 0.0, 0.0], [0.0, 0.16810789704322815, 0.0], [0.0, 0.0, 0.16810789704322815]], "rot": [[1.0, 0.0, 0.0], [0.0, 0.0, -1.0], [0.0, 1.0, 0.0]]}
