{"scale": [[0.2540563941001892, 0.0, 0.0], [0.0, 0.2540563941001892, 0.0], [0.0, 0.0, 0.2540563941001892]], "rot": [[1.0, 0.0, 0.0], [0.0, 0.0, -1.0], [0.0, 1.0, 0.0]]}
