{"scale": [[0.2246893048286438, 0.0, 0.0], [0.0, 0.2246893048286438, 0.0], [0.0, 0.0, 0.2246893048286438]], "rot": [[1.0, 0.0, 0.0], [0.0, 0.0, -1.0], [0.0, 1.0, 0.0]]}
