{"scale": [[0.290244996547699, 0.0, 0.0], [0.0, 0.290244996547699, 0.0], [0.0, 0.0, 0.290244996547699]], "rot": [[1.0, 0.0, 0.0], [0.0, 0.0, -1.0], [0.0, 1.0, 0.0]]}
