{"scale": [[0.27484431862831116, 0.0, 0.0], [0.0, 0.27484431862831116, 0.0], [0.0, 0.0, 0.27484431862831116]], "rot": [[1.0, 0.0, 0.0], [0.0, 0.0, -1.0], [0.0, 1.0, 0.0]]}
