{"scale": [[0.2246805727481842, 0.0, 0.0], [0.0, 0.2246805727481842, 0.0], [0.0, 0.0, 0.2246805727481842]], "rot": [[1.0, 0.0, 0.0], [0.0, 0.0, -1.0], [0.0, 1.0, 0.0]]}
