{"scale": [[0.15266811847686768, 0.0, 0.0], [0.0, 0.15266811847686768, 0.0], [0.0, 0.0, 0.15266811847686768]], "rot": [[1.0, 0.0, 0.0], [0.0, 0.0, -1.0], [0.0, 1.0, 0.0]]}
