{"scale": [[0.2213466912508011, 0.0, 0.0], [0.0, 0.2213466912508011, 0.0], [0.0, 0.0, 0.2213466912508011]], "rot": [[1.0, 0.0, 0.0], [0.0, 0.0, -1.0], [0.0, 1.0, 0.0]]}
