{"scale": [[0.24668097496032715, 0.0, 0.0], [0.0, 0.24668097496032715, 0.0], [0.0, 0.0, 0.24668097496032715]], "rot": [[1.0, 0.0, 0.0], [0.0, 0.0, -1.0], [0.0, 1.0, 0.0]]}
