{"scale": [[0.21131138503551483, 0.0, 0.0], [0.0, 0.21131138503551483, 0.0], [0.0, 0.0, 0.21131138503551483]], "rot": [[1.0, 0.0, 0.0], [0.0, 0.0, -1.0], [0.0, 1.0, 0.0]]}
