{"scale": [[0.16013866662979126, 0.0, 0.0], [0.0, 0.16013866662979126, 0.0], [0.0, 0.0, 0.16013866662979126]], "rot": [[1.0, 0.0, 0.0], [0.0, 0.0, -1.0], [0.0, 1.0, 0.0]]}
