{"scale": [[0.28837090730667114, 0.0, 0.0], [0.0, 0.28837090730667114, 0.0], [0.0, 0.0, 0.28837090730667114]], "rot": [[1.0, 0.0, 0.0], [0.0, 0.0, -1.0], [0.0, 1.0, 0.0]]}
