{"scale": [[0.20327366888523102, 0.0, 0.0], [0.0, 0.20327366888523102, 0.0], [0.0, 0.0, 0.20327366888523102]], "rot": [[1.0, 0.0, 0.0], [0.0, 0.0, -1.0], [0.0, 1.0, 0.0]]}
