{"scale": [[0.22137543559074402, 0.0, 0.0], [0.0, 0.22137543559074402, 0.0], [0.0, 0.0, 0.22137543559074402]], "rot": [[1.0, 0.0, 0.0], [0.0, 0.0, -1.0], [0.0, 1.0, 0.0]]}
