{"scale": [[0.15936750173568726, 0.0, 0.0], [0.0, 0.15936750173568726, 0.0], [0.0, 0.0, 0.15936750173568726]], "rot": [[1.0, 0.0, 0.0], [0.0, 0.0, -1.0], [0.0, 1.0, 0.0]]}
