{"scale": [[0.2338845580816269, 0.0, 0.0], [0.0, 0.2338845580816269, 0.0], [0.0, 0.0, 0.2338845580816269]], "rot": [[1.0, 0.0, 0.0], [0.0, 0.0, -1.0], [0.0, 1.0, 0.0]]}
