{"scale": [[0.20555944740772247, 0.0, 0.0], [0.0, 0.20555944740772247, 0.0], [0.0, 0.0, 0.20555944740772247]], "rot": [[1.0, 0.0, 0.0], [0.0, 0.0, -1.0], [0.0, 1.0, 0.0]]}
