{"scale": [[0.3011356294155121, 0.0, 0.0], [0.0, 0.3011356294155121, 0.0], [0.0, 0.0, 0.3011356294155121]], "rot": [[1.0, 0.0, 0.0], [0.0, 0.0, -1.0], [0.0, 1.0, 0.0]]}
