{"scale": [[0.23664656281471252, 0.0, 0.0], [0.0, 0.23664656281471252, 0.0], [0.0, 0.0, 0.23664656281471252]], "rot": [[1.0, 0.0, 0.0], [0.0, 0.0, -1.0], [0.0, 1.0, 0.0]]}
