{"scale": [[0.18099159002304077, 0.0, 0.0], [0.0, 0.18099159002304077, 0.0], [0.0, 0.0, 0.18099159002304077]], "rot": [[1.0, 0.0, 0.0], [0.0, 0.0, -1.0], [0.0, 1.0, 0.0]]}
