{"scale": [[0.2858408987522125, 0.0, 0.0], [0.0, 0.2858408987522125, 0.0], [0.0, 0.0, 0.2858408987522125]], "rot": [[1.0, 0.0, 0.0], [0.0, 0.0, -1.0], [0.0, 1.0, 0.0]]}
