{"scale": [[0.20935408771038055, 0.0, 0.0], [0.0, 0.20935408771038055, 0.0], [0.0, 0.0, 0.20935408771038055]], "rot": [[1.0, 0.0, 0.0], [0.0, 0.0, -1.0], [0.0, 1.0, 0.0]]}
