{"scale": [[0.26820266246795654, 0.0, 0.0], [0.0, 0.26820266246795654, 0.0], [0.0, 0.0, 0.26820266246795654]], "rot": [[1.0, 0.0, 0.0], [0.0, 0.0, -1.0], [0.0, 1.0, 0.0]]}
