{"scale": [[0.2634560167789459, 0.0, 0.0], [0.0, 0.2634560167789459, 0.0], [0.0, 0.0, 0.2634560167789459]], "rot": [[1.0, 0.0, 0.0], [0.0, 0.0, -1.0], [0.0, 1.0, 0.0]]}
