{"scale": [[0.23011517524719238, 0.0, 0.0], [0.0, 0.23011517524719238, 0.0], [0.0, 0.0, 0.23011517524719238]], "rot": [[1.0, 0.0, 0.0], [0.0, 0.0, -1.0], [0.0, 1.0, 0.0]]}
