{"scale": [[0.16964958608150482, 0.0, 0.0], [0.0, 0.16964958608150482, 0.0], [0.0, 0.0, 0.16964958608150482]], "rot": [[1.0, 0.0, 0.0], [0.0, 0.0, -1.0], [0.0, 1.0, 0.0]]}
