{"scale": [[0.24542894959449768, 0.0, 0.0], [0.0, 0.24542894959449768, 0.0], [0.0, 0.0, 0.24542894959449768]], "rot": [[1.0, 0.0, 0.0], [0.0, 0.0, -1.0], [0.0, 1.0, 0.0]]}
