{"scale": [[0.27793705463409424, 0.0, 0.0], [0.0, 0.27793705463409424, 0.0], [0.0, 0.0, 0.27793705463409424]], "rot": [[1.0, 0.0, 0.0], [0.0, 0.0, -1.0], [0.0, 1.0, 0.0]]}
