{"scale": [[0.2644255459308624, 0.0, 0.0], [0.0, 0.2644255459308624, 0.0], [0.0, 0.0, 0.2644255459308624]], "rot": [[1.0, 0.0, 0.0], [0.0, 0.0, -1.0], [0.0, 1.0, 0.0]]}
