{"scale": [[0.30434975028038025, 0.0, 0.0], [0.0, 0.30434975028038025, 0.0], [0.0, 0.0, 0.30434975028038025]], "rot": [[1.0, 0.0, 0.0], [0.0, 0.0, -1.0], [0.0, 1.0, 0.0]]}
