{"scale": [[0.29639312624931335, 0.0, 0.0], [0.0, 0.29639312624931335, 0.0], [0.0, 0.0, 0.29639312624931335]], "rot": [[1.0, 0.0, 0.0], [0.0, 0.0, -1.0], [0.0, 1.0, 0.0]]}
