{"scale": [[0.23272831737995148, 0.0, 0.0], [0.0, 0.23272831737995148, 0.0], [0.0, 0.0, 0.23272831737995148]], "rot": [[1.0, 0.0, 0.0], [0.0, 0.0, -1.0], [0.0, 1.0, 0.0]]}
