{"scale": [[0.1980016529560089, 0.0, 0.0], [0.0, 0.1980016529560089, 0.0], [0.0, 0.0, 0.1980016529560089]], "rot": [[1.0, 0.0, 0.0], [0.0, 0.0, -1.0], [0.0, 1.0, 0.0]]}
