{"scale": [[0.2149740308523178, 0.0, 0.0], [0.0, 0.2149740308523178, 0.0], [0.0, 0.0, 0.2149740308523178]], "rot": [[1.0, 0.0, 0.0], [0.0, 0.0, -1.0], [0.0, 1.0, 0.0]]}
