{"scale": [[0.21194563806056976, 0.0, 0.0], [0.0, 0.21194563806056976, 0.0], [0.0, 0.0, 0.21194563806056976]], "rot": [[1.0, 0.0, 0.0], [0.0, 0.0, -1.0], [0.0, 1.0, 0.0]]}
