{"scale": [[0.2738472521305084, 0.0, 0.0], [0.0, 0.2738472521305084, 0.0], [0.0, 0.0, 0.2738472521305084]], "rot": [[1.0, 0.0, 0.0], [0.0, 0.0, -1.0], [0.0, 1.0, 0.0]]}
