{"scale": [[0.2102753221988678, 0.0, 0.0], [0.0, 0.2102753221988678, 0.0], [0.0, 0.0, 0.2102753221988678]], "rot": [[1.0, 0.0, 0.0], [0.0, 0.0, -1.0], [0.0, 1.0, 0.0]]}
