{"scale": [[0.16255544126033783, 0.0, 0.0], [0.0, 0.16255544126033783, 0.0], [0.0, 0.0, 0.16255544126033783]], "rot": [[1.0, 0.0, 0.0], [0.0, 0.0, -1.0], [0.0, 1.0, 0.0]]}
