{"scale": [[0.14864253997802734, 0.0, 0.0], [0.0, 0.14864253997802734, 0.0], [0.0, 0.0, 0.14864253997802734]], "rot": [[1.0, 0.0, 0.0], [0.0, 0.0, -1.0], [0.0, 1.0, 0.0]]}
