{"scale": [[0.23504193127155304, 0.0, 0.0], [0.0, 0.23504193127155304, 0.0], [0.0, 0.0, 0.23504193127155304]], "rot": [[1.0, 0.0, 0.0], [0.0, 0.0, -1.0], [0.0, 1.0, 0.0]]}
