{"scale": [[0.23080618679523468, 0.0, 0.0], [0.0, 0.23080618679523468, 0.0], [0.0, 0.0, 0.23080618679523468]], "rot": [[1.0, 0.0, 0.0], [0.0, 0.0, -1.0], [0.0, 1.0, 0.0]]}
