{"scale": [[0.16194909811019897, 0.0, 0.0], [0.0, 0.16194909811019897, 0.0], [0.0, 0.0, 0.16194909811019897]], "rot": [[1.0, 0.0, 0.0], [0.0, 0.0, -1.0], [0.0, 1.0, 0.0]]}
