{"scale": [[0.15068961679935455, 0.0, 0.0], [0.0, 0.15068961679935455, 0.0], [0.0, 0.0, 0.15068961679935455]], "rot": [[1.0, 0.0, 0.0], [0.0, 0.0, -1.0], [0.0, 1.0, 0.0]]}
