{"scale": [[0.1620662361383438, 0.0, 0.0], [0.0, 0.1620662361383438, 0.0], [0.0, 0.0, 0.1620662361383438]], "rot": [[1.0, 0.0, 0.0], [0.0, 0.0, -1.0], [0.0, 1.0, 0.0]]}
