{"scale": [[0.2975458800792694, 0.0, 0.0], [0.0, 0.2975458800792694, 0.0], [0.0, 0.0, 0.2975458800792694]], "rot": [[1.0, 0.0, 0.0], [0.0, 0.0, -1.0], [0.0, 1.0, 0.0]]}
