{"scale": [[0.16554099321365356, 0.0, 0.0], [0.0, 0.16554099321365356, 0.0], [0.0, 0.0, 0.16554099321365356]], "rot": [[1.0, 0.0, 0.0], [0.0, 0.0, -1.0], [0.0, 1.0, 0.0]]}
