{"scale": [[0.1616927534341812, 0.0, 0.0], [0.0, 0.1616927534341812, 0.0], [0.0, 0.0, 0.1616927534341812]], "rot": [[1.0, 0.0, 0.0], [0.0, 0.0, -1.0], [0.0, 1.0, 0.0]]}
