{"scale": [[0.2675689160823822, 0.0, 0.0], [0.0, 0.2675689160823822, 0.0], [0.0, 0.0, 0.2675689160823822]], "rot": [[1.0, 0.0, 0.0], [0.0, 0.0, -1.0], [0.0, 1.0, 0.0]]}
