{"scale": [[0.15362204611301422, 0.0, 0.0], [0.0, 0.15362204611301422, 0.0], [0.0, 0.0, 0.15362204611301422]], "rot": [[1.0, 0.0, 0.0], [0.0, 0.0, -1.0], [0.0, 1.0, 0.0]]}
