{"scale": [[0.2905464768409729, 0.0, 0.0], [0.0, 0.2905464768409729, 0.0], [0.0, 0.0, 0.2905464768409729]], "rot": [[1.0, 0.0, 0.0], [0.0, 0.0, -1.0], [0.0, 1.0, 0.0]]}
