{"scale": [[0.18562005460262299, 0.0, 0.0], [0.0, 0.18562005460262299, 0.0], [0.0, 0.0, 0.18562005460262299]], "rot": [[1.0, 0.0, 0.0], [0.0, 0.0, -1.0], [0.0, 1.0, 0.0]]}
