{"scale": [[0.21531367301940918, 0.0, 0.0], [0.0, 0.21531367301940918, 0.0], [0.0, 0.0, 0.21531367301940918]], "rot": [[1.0, 0.0, 0.0], [0.0, 0.0, -1.0], [0.0, 1.0, 0.0]]}
