{"scale": [[0.25268563628196716, 0.0, 0.0], [0.0, 0.25268563628196716, 0.0], [0.0, 0.0, 0.25268563628196716]], "rot": [[1.0, 0.0, 0.0], [0.0, 0.0, -1.0], [0.0, 1.0, 0.0]]}
