{"scale": [[0.20964771509170532, 0.0, 0.0], [0.0, 0.20964771509170532, 0.0], [0.0, 0.0, 0.20964771509170532]], "rot": [[1.0, 0.0, 0.0], [0.0, 0.0, -1.0], [0.0, 1.0, 0.0]]}
