{"scale": [[0.21116092801094055, 0.0, 0.0], [0.0, 0.21116092801094055, 0.0], [0.0, 0.0, 0.21116092801094055]], "rot": [[1.0, 0.0, 0.0], [0.0, 0.0, -1.0], [0.0, 1.0, 0.0]]}
