{"scale": [[0.21124842762947083, 0.0, 0.0], [0.0, 0.21124842762947083, 0.0], [0.0, 0.0, 0.21124842762947083]], "rot": [[1.0, 0.0, 0.0], [0.0, 0.0, -1.0], [0.0, 1.0, 0.0]]}
