{"scale": [[0.23717257380485535, 0.0, 0.0], [0.0, 0.23717257380485535, 0.0], [0.0, 0.0, 0.23717257380485535]], "rot": [[1.0, 0.0, 0.0], [0.0, 0.0, -1.0], [0.0, 1.0, 0.0]]}
