{"scale": [[0.14944596588611603, 0.0, 0.0], [0.0, 0.14944596588611603, 0.0], [0.0, 0.0, 0.14944596588611603]], "rot": [[1.0, 0.0, 0.0], [0.0, 0.0, -1.0], [0.0, 1.0, 0.0]]}
