{"scale": [[0.1609748899936676, 0.0, 0.0], [0.0, 0.1609748899936676, 0.0], [0.0, 0.0, 0.1609748899936676]], "rot": [[1.0, 0.0, 0.0], [0.0, 0.0, -1.0], [0.0, 1.0, 0.0]]}
