{"scale": [[0.16957253217697144, 0.0, 0.0], [0.0, 0.16957253217697144, 0.0], [0.0, 0.0, 0.16957253217697144]], "rot": [[1.0, 0.0, 0.0], [0.0, 0.0, -1.0], [0.0, 1.0, 0.0]]}
