{"scale": [[0.17212924361228943, 0.0, 0.0], [0.0, 0.17212924361228943, 0.0], [0.0, 0.0, 0.17212924361228943]], "rot": [[1.0, 0.0, 0.0], [0.0, 0.0, -1.0], [0.0, 1.0, 0.0]]}
