{"scale": [[0.30721214413642883, 0.0, 0.0], [0.0, 0.30721214413642883, 0.0], [0.0, 0.0, 0.30721214413642883]], "rot": [[1.0, 0.0, 0.0], [0.0, 0.0, -1.0], [0.0, 1.0, 0.0]]}
