{"scale": [[0.3057999312877655, 0.0, 0.0], [0.0, 0.3057999312877655, 0.0], [0.0, 0.0, 0.3057999312877655]], "rot": [[1.0, 0.0, 0.0], [0.0, 0.0, -1.0], [0.0, 1.0, 0.0]]}
