{"scale": [[0.23399664461612701, 0.0, 0.0], [0.0, 0.23399664461612701, 0.0], [0.0, 0.0, 0.23399664461612701]], "rot": [[1.0, 0.0, 0.0], [0.0, 0.0, -1.0], [0.0, 1.0, 0.0]]}
