{"scale": [[0.23541778326034546, 0.0, 0.0], [0.0, 0.23541778326034546, 0.0], [0.0, 0.0, 0.23541778326034546]], "rot": [[1.0, 0.0, 0.0], [0.0, 0.0, -1.0], [0.0, 1.0, 0.0]]}
