{"scale": [[0.17893695831298828, 0.0, 0.0], [0.0, 0.17893695831298828, 0.0], [0.0, 0.0, 0.17893695831298828]], "rot": [[1.0, 0.0, 0.0], [0.0, 0.0, -1.0], [0.0, 1.0, 0.0]]}
