{"scale": [[0.21398817002773285, 0.0, 0.0], [0.0, 0.21398817002773285, 0.0], [0.0, 0.0, 0.21398817002773285]], "rot": [[1.0, 0.0, 0.0], [0.0, 0.0, -1.0], [0.0, 1.0, 0.0]]}
