{"scale": [[0.1996919959783554, 0.0, 0.0], [0.0, 0.1996919959783554, 0.0], [0.0, 0.0, 0.1996919959783554]], "rot": [[1.0, 0.0, 0.0], [0.0, 0.0, -1.0], [0.0, 1.0, 0.0]]}
