{"scale": [[0.2270474135875702, 0.0, 0.0], [0.0, 0.2270474135875702, 0.0], [0.0, 0.0, 0.2270474135875702]], "rot": [[1.0, 0.0, 0.0], [0.0, 0.0, -1.0], [0.0, 1.0, 0.0]]}
