{"scale": [[0.24707841873168945, 0.0, 0.0], [0.0, 0.24707841873168945, 0.0], [0.0, 0.0, 0.24707841873168945]], "rot": [[1.0, 0.0, 0.0], [0.0, 0.0, -1.0], [0.0, 1.0, 0.0]]}
