{"scale": [[0.16052445769309998, 0.0, 0.0], [0.0, 0.16052445769309998, 0.0], [0.0, 0.0, 0.16052445769309998]], "rot": [[1.0, 0.0, 0.0], [0.0, 0.0, -1.0], [0.0, 1.0, 0.0]]}
