{"scale": [[0.21777842938899994, 0.0, 0.0], [0.0, 0.21777842938899994, 0.0], [0.0, 0.0, 0.21777842938899994]], "rot": [[1.0, 0.0, 0.0], [0.0, 0.0, -1.0], [0.0, 1.0, 0.0]]}
