{"scale": [[0.16640420258045197, 0.0, 0.0], [0.0, 0.16640420258045197, 0.0], [0.0, 0.0, 0.16640420258045197]], "rot": [[1.0, 0.0, 0.0], [0.0, 0.0, -1.0], [0.0, 1.0, 0.0]]}
