{"scale": [[0.29167649149894714, 0.0, 0.0], [0.0, 0.29167649149894714, 0.0], [0.0, 0.0, 0.29167649149894714]], "rot": [[1.0, 0.0, 0.0], [0.0, 0.0, -1.0], [0.0, 1.0, 0.0]]}
