{"scale": [[0.16087710857391357, 0.0, 0.0], [0.0, 0.16087710857391357, 0.0], [0.0, 0.0, 0.16087710857391357]], "rot": [[1.0, 0.0, 0.0], [0.0, 0.0, -1.0], [0.0, 1.0, 0.0]]}
