{"scale": [[0.153276264667511, 0.0, 0.0], [0.0, 0.153276264667511, 0.0], [0.0, 0.0, 0.153276264667511]], "rot": [[1.0, 0.0, 0.0], [0.0, 0.0, -1.0], [0.0, 1.0, 0.0]]}
