{"scale": [[0.172522634267807, 0.0, 0.0], [0.0, 0.172522634267807, 0.0], [0.0, 0.0, 0.172522634267807]], "rot": [[1.0, 0.0, 0.0], [0.0, 0.0, -1.0], [0.0, 1.0, 0.0]]}
