{"scale": [[0.15450021624565125, 0.0, 0.0], [0.0, 0.15450021624565125, 0.0], [0.0, 0.0, 0.15450021624565125]], "rot": [[1.0, 0.0, 0.0], [0.0, 0.0, -1.0], [0.0, 1.0, 0.0]]}
