{"scale": [[0.18239423632621765, 0.0, 0.0], [0.0, 0.18239423632621765, 0.0], [0.0, 0.0, 0.18239423632621765]], "rot": [[1.0, 0.0, 0.0], [0.0, 0.0, -1.0], [0.0, 1.0, 0.0]]}
