{"scale": [[0.1803918480873108, 0.0, 0.0], [0.0, 0.1803918480873108, 0.0], [0.0, 0.0, 0.1803918480873108]], "rot": [[1.0, 0.0, 0.0], [0.0, 0.0, -1.0], [0.0, 1.0, 0.0]]}
