{"scale": [[0.19977469742298126, 0.0, 0.0], [0.0, 0.19977469742298126, 0.0], [0.0, 0.0, 0.19977469742298126]], "rot": [[1.0, 0.0, 0.0], [0.0, 0.0, -1.0], [0.0, 1.0, 0.0]]}
