{"scale": [[0.1448325663805008, 0.0, 0.0], [0.0, 0.1448325663805008, 0.0], [0.0, 0.0, 0.1448325663805008]], "rot": [[1.0, 0.0, 0.0], [0.0, 0.0, -1.0], [0.0, 1.0, 0.0]]}
