{"scale": [[0.23224391043186188, 0.0, 0.0], [0.0, 0.23224391043186188, 0.0], [0.0, 0.0, 0.23224391043186188]], "rot": [[1.0, 0.0, 0.0], [0.0, 0.0, -1.0], [0.0, 1.0, 0.0]]}
