{"scale": [[0.12607808411121368, 0.0, 0.0], [0.0, 0.12607808411121368, 0.0], [0.0, 0.0, 0.12607808411121368]], "rot": [[1.0, 0.0, 0.0], [0.0, 0.0, -1.0], [0.0, 1.0, 0.0]]}
