{"scale": [[0.2177884429693222, 0.0, 0.0], [0.0, 0.2177884429693222, 0.0], [0.0, 0.0, 0.2177884429693222]], "rot": [[1.0, 0.0, 0.0], [0.0, 0.0, -1.0], [0.0, 1.0, 0.0]]}
