{"scale": [[0.15167103707790375, 0.0, 0.0], [0.0, 0.15167103707790375, 0.0], [0.0, 0.0, 0.15167103707790375]], "rot": [[1.0, 0.0, 0.0], [0.0, 0.0, -1.0], [0.0, 1.0, 0.0]]}
