{"scale": [[0.17636710405349731, 0.0, 0.0], [0.0, 0.17636710405349731, 0.0], [0.0, 0.0, 0.17636710405349731]], "rot": [[1.0, 0.0, 0.0], [0.0, 0.0, -1.0], [0.0, 1.0, 0.0]]}
