{"scale": [[0.21327067911624908, 0.0, 0.0], [0.0, 0.21327067911624908, 0.0], [0.0, 0.0, 0.21327067911624908]], "rot": [[1.0, 0.0, 0.0], [0.0, 0.0, -1.0], [0.0, 1.0, 0.0]]}
