{"scale": [[0.21309322118759155, 0.0, 0.0], [0.0, 0.21309322118759155, 0.0], [0.0, 0.0, 0.21309322118759155]], "rot": [[1.0, 0.0, 0.0], [0.0, 0.0, -1.0], [0.0, 1.0, 0.0]]}
