{"scale": [[0.16421763598918915, 0.0, 0.0], [0.0, 0.16421763598918915, 0.0], [0.0, 0.0, 0.16421763598918915]], "rot": [[1.0, 0.0, 0.0], [0.0, 0.0, -1.0], [0.0, 1.0, 0.0]]}
