{"scale": [[0.20529724657535553, 0.0, 0.0], [0.0, 0.20529724657535553, 0.0], [0.0, 0.0, 0.20529724657535553]], "rot": [[1.0, 0.0, 0.0], [0.0, 0.0, -1.0], [0.0, 1.0, 0.0]]}
