{"scale": [[0.16790351271629333, 0.0, 0.0], [0.0, 0.16790351271629333, 0.0], [0.0, 0.0, 0.16790351271629333]], "rot": [[1.0, 0.0, 0.0], [0.0, 0.0, -1.0], [0.0, 1.0, 0.0]]}
