{"scale": [[0.2945307195186615, 0.0, 0.0], [0.0, 0.2945307195186615, 0.0], [0.0, 0.0, 0.2945307195186615]], "rot": [[1.0, 0.0, 0.0], [0.0, 0.0, -1.0], [0.0, 1.0, 0.0]]}
