{"scale": [[0.18152445554733276, 0.0, 0.0], [0.0, 0.18152445554733276, 0.0], [0.0, 0.0, 0.18152445554733276]], "rot": [[1.0, 0.0, 0.0], [0.0, 0.0, -1.0], [0.0, 1.0, 0.0]]}
