{"scale": [[0.2421744018793106, 0.0, 0.0], [0.0, 0.2421744018793106, 0.0], [0.0, 0.0, 0.2421744018793106]], "rot": [[1.0, 0.0, 0.0], [0.0, 0.0, -1.0], [0.0, 1.0, 0.0]]}
