{"scale": [[0.2422979325056076, 0.0, 0.0], [0.0, 0.2422979325056076, 0.0], [0.0, 0.0, 0.2422979325056076]], "rot": [[1.0, 0.0, 0.0], [0.0, 0.0, -1.0], [0.0, 1.0, 0.0]]}
