{"scale": [[0.15136432647705078, 0.0, 0.0], [0.0, 0.15136432647705078, 0.0], [0.0, 0.0, 0.15136432647705078]], "rot": [[1.0, 0.0, 0.0], [0.0, 0.0, -1.0], [0.0, 1.0, 0.0]]}
