{"scale": [[0.1520836502313614, 0.0, 0.0], [0.0, 0.1520836502313614, 0.0], [0.0, 0.0, 0.1520836502313614]], "rot": [[1.0, 0.0, 0.0], [0.0, 0.0, -1.0], [0.0, 1.0, 0.0]]}
