{"scale": [[0.3001886010169983, 0.0, 0.0], [0.0, 0.3001886010169983, 0.0], [0.0, 0.0, 0.3001886010169983]], "rot": [[1.0, 0.0, 0.0], [0.0, 0.0, -1.0], [0.0, 1.0, 0.0]]}
