{"scale": [[0.27001065015792847, 0.0, 0.0], [0.0, 0.27001065015792847, 0.0], [0.0, 0.0, 0.27001065015792847]], "rot": [[1.0, 0.0, 0.0], [0.0, 0.0, -1.0], [0.0, 1.0, 0.0]]}
