{"scale": [[0.296739786863327, 0.0, 0.0], [0.0, 0.296739786863327, 0.0], [0.0, 0.0, 0.296739786863327]], "rot": [[1.0, 0.0, 0.0], [0.0, 0.0, -1.0], [0.0, 1.0, 0.0]]}
