{"scale": [[0.17071180045604706, 0.0, 0.0], [0.0, 0.17071180045604706, 0.0], [0.0, 0.0, 0.17071180045604706]], "rot": [[1.0, 0.0, 0.0], [0.0, 0.0, -1.0], [0.0, 1.0, 0.0]]}
