{"scale": [[0.22206497192382812, 0.0, 0.0], [0.0, 0.22206497192382812, 0.0], [0.0, 0.0, 0.22206497192382812]], "rot": [[1.0, 0.0, 0.0], [0.0, 0.0, -1.0], [0.0, 1.0, 0.0]]}
