{"scale": [[0.1970614343881607, 0.0, 0.0], [0.0, 0.1970614343881607, 0.0], [0.0, 0.0, 0.1970614343881607]], "rot": [[1.0, 0.0, 0.0], [0.0, 0.0, -1.0], [0.0, 1.0, 0.0]]}
