{"scale": [[0.2330503612756729, 0.0, 0.0], [0.0, 0.2330503612756729, 0.0], [0.0, 0.0, 0.2330503612756729]], "rot": [[1.0, 0.0, 0.0], [0.0, 0.0, -1.0], [0.0, 1.0, 0.0]]}
