{"scale": [[0.1619122326374054, 0.0, 0.0], [0.0, 0.1619122326374054, 0.0], [0.0, 0.0, 0.1619122326374054]], "rot": [[1.0, 0.0, 0.0], [0.0, 0.0, -1.0], [0.0, 1.0, 0.0]]}
