{"scale": [[0.23331816494464874, 0.0, 0.0], [0.0, 0.23331816494464874, 0.0], [0.0, 0.0, 0.23331816494464874]], "rot": [[1.0, 0.0, 0.0], [0.0, 0.0, -1.0], [0.0, 1.0, 0.0]]}
