{"scale": [[0.22265982627868652, 0.0, 0.0], [0.0, 0.22265982627868652, 0.0], [0.0, 0.0, 0.22265982627868652]], "rot": [[1.0, 0.0, 0.0], [0.0, 0.0, -1.0], [0.0, 1.0, 0.0]]}
