{"scale": [[0.20978471636772156, 0.0, 0.0], [0.0, 0.20978471636772156, 0.0], [0.0, 0.0, 0.20978471636772156]], "rot": [[1.0, 0.0, 0.0], [0.0, 0.0, -1.0], [0.0, 1.0, 0.0]]}
