{"scale": [[0.2173810750246048, 0.0, 0.0], [0.0, 0.2173810750246048, 0.0], [0.0, 0.0, 0.2173810750246048]], "rot": [[1.0, 0.0, 0.0], [0.0, 0.0, -1.0], [0.0, 1.0, 0.0]]}
