{"scale": [[0.24611197412014008, 0.0, 0.0], [0.0, 0.24611197412014008, 0.0], [0.0, 0.0, 0.24611197412014008]], "rot": [[1.0, 0.0, 0.0], [0.0, 0.0, -1.0], [0.0, 1.0, 0.0]]}
