{"scale": [[0.26142093539237976, 0.0, 0.0], [0.0, 0.26142093539237976, 0.0], [0.0, 0.0, 0.26142093539237976]], "rot": [[1.0, 0.0, 0.0], [0.0, 0.0, -1.0], [0.0, 1.0, 0.0]]}
