{"scale": [[0.20321598649024963, 0.0, 0.0], [0.0, 0.20321598649024963, 0.0], [0.0, 0.0, 0.20321598649024963]], "rot": [[1.0, 0.0, 0.0], [0.0, 0.0, -1.0], [0.0, 1.0, 0.0]]}
