{"scale": [[0.2693885266780853, 0.0, 0.0], [0.0, 0.2693885266780853, 0.0], [0.0, 0.0, 0.2693885266780853]], "rot": [[1.0, 0.0, 0.0], [0.0, 0.0, -1.0], [0.0, 1.0, 0.0]]}
