{"scale": [[0.218263640999794, 0.0, 0.0], [0.0, 0.218263640999794, 0.0], [0.0, 0.0, 0.218263640999794]], "rot": [[1.0, 0.0, 0.0], [0.0, 0.0, -1.0], [0.0, 1.0, 0.0]]}
