{"scale": [[0.2851127088069916, 0.0, 0.0], [0.0, 0.2851127088069916, 0.0], [0.0, 0.0, 0.2851127088069916]], "rot": [[1.0, 0.0, 0.0], [0.0, 0.0, -1.0], [0.0, 1.0, 0.0]]}
