{"scale": [[0.3035805821418762, 0.0, 0.0], [0.0, 0.3035805821418762, 0.0], [0.0, 0.0, 0.3035805821418762]], "rot": [[1.0, 0.0, 0.0], [0.0, 0.0, -1.0], [0.0, 1.0, 0.0]]}
