{"scale": [[0.2075386494398117, 0.0, 0.0], [0.0, 0.2075386494398117, 0.0], [0.0, 0.0, 0.2075386494398117]], "rot": [[1.0, 0.0, 0.0], [0.0, 0.0, -1.0], [0.0, 1.0, 0.0]]}
