{"scale": [[0.16079983115196228, 0.0, 0.0], [0.0, 0.16079983115196228, 0.0], [0.0, 0.0, 0.16079983115196228]], "rot": [[1.0, 0.0, 0.0], [0.0, 0.0, -1.0], [0.0, 1.0, 0.0]]}
