{"scale": [[0.16416971385478973, 0.0, 0.0], [0.0, 0.16416971385478973, 0.0], [0.0, 0.0, 0.16416971385478973]], "rot": [[1.0, 0.0, 0.0], [0.0, 0.0, -1.0], [0.0, 1.0, 0.0]]}
