{"scale": [[0.1552988439798355, 0.0, 0.0], [0.0, 0.1552988439798355, 0.0], [0.0, 0.0, 0.1552988439798355]], "rot": [[1.0, 0.0, 0.0], [0.0, 0.0, -1.0], [0.0, 1.0, 0.0]]}
