{"scale": [[0.1594870388507843, 0.0, 0.0], [0.0, 0.1594870388507843, 0.0], [0.0, 0.0, 0.1594870388507843]], "rot": [[1.0, 0.0, 0.0], [0.0, 0.0, -1.0], [0.0, 1.0, 0.0]]}
