{"scale": [[0.1654948741197586, 0.0, 0.0], [0.0, 0.1654948741197586, 0.0], [0.0, 0.0, 0.1654948741197586]], "rot": [[1.0, 0.0, 0.0], [0.0, 0.0, -1.0], [0.0, 1.0, 0.0]]}
