{"scale": [[0.26180920004844666, 0.0, 0.0], [0.0, 0.26180920004844666, 0.0], [0.0, 0.0, 0.26180920004844666]], "rot": [[1.0, 0.0, 0.0], [0.0, 0.0, -1.0], [0.0, 1.0, 0.0]]}
