{"scale": [[0.23684565722942352, 0.0, 0.0], [0.0, 0.23684565722942352, 0.0], [0.0, 0.0, 0.23684565722942352]], "rot": [[1.0, 0.0, 0.0], [0.0, 0.0, -1.0], [0.0, 1.0, 0.0]]}
