{"scale": [[0.26016125082969666, 0.0, 0.0], [0.0, 0.26016125082969666, 0.0], [0.0, 0.0, 0.26016125082969666]], "rot": [[1.0, 0.0, 0.0], [0.0, 0.0, -1.0], [0.0, 1.0, 0.0]]}
