{"scale": [[0.2173483967781067, 0.0, 0.0], [0.0, 0.2173483967781067, 0.0], [0.0, 0.0, 0.2173483967781067]], "rot": [[1.0, 0.0, 0.0], [0.0, 0.0, -1.0], [0.0, 1.0, 0.0]]}
