{"scale": [[0.15150724351406097, 0.0, 0.0], [0.0, 0.15150724351406097, 0.0], [0.0, 0.0, 0.15150724351406097]], "rot": [[1.0, 0.0, 0.0], [0.0, 0.0, -1.0], [0.0, 1.0, 0.0]]}
