{"scale": [[0.24595409631729126, 0.0, 0.0], [0.0, 0.24595409631729126, 0.0], [0.0, 0.0, 0.24595409631729126]], "rot": [[1.0, 0.0, 0.0], [0.0, 0.0, -1.0], [0.0, 1.0, 0.0]]}
