{"scale": [[0.27965882420539856, 0.0, 0.0], [0.0, 0.27965882420539856, 0.0], [0.0, 0.0, 0.27965882420539856]], "rot": [[1.0, 0.0, 0.0], [0.0, 0.0, -1.0], [0.0, 1.0, 0.0]]}
