{"scale": [[0.2219947725534439, 0.0, 0.0], [0.0, 0.2219947725534439, 0.0], [0.0, 0.0, 0.2219947725534439]], "rot": [[1.0, 0.0, 0.0], [0.0, 0.0, -1.0], [0.0, 1.0, 0.0]]}
