{"scale": [[0.26577648520469666, 0.0, 0.0], [0.0, 0.26577648520469666, 0.0], [0.0, 0.0, 0.26577648520469666]], "rot": [[1.0, 0.0, 0.0], [0.0, 0.0, -1.0], [0.0, 1.0, 0.0]]}
