{"scale": [[0.17555934190750122, 0.0, 0.0], [0.0, 0.17555934190750122, 0.0], [0.0, 0.0, 0.17555934190750122]], "rot": [[1.0, 0.0, 0.0], [0.0, 0.0, -1.0], [0.0, 1.0, 0.0]]}
