{"scale": [[0.23411567509174347, 0.0, 0.0], [0.0, 0.23411567509174347, 0.0], [0.0, 0.0, 0.23411567509174347]], "rot": [[1.0, 0.0, 0.0], [0.0, 0.0, -1.0], [0.0, 1.0, 0.0]]}
