{"scale": [[0.16730542480945587, 0.0, 0.0], [0.0, 0.16730542480945587, 0.0], [0.0, 0.0, 0.16730542480945587]], "rot": [[1.0, 0.0, 0.0], [0.0, 0.0, -1.0], [0.0, 1.0, 0.0]]}
