{"scale": [[0.2980700135231018, 0.0, 0.0], [0.0, 0.2980700135231018, 0.0], [0.0, 0.0, 0.2980700135231018]], "rot": [[1.0, 0.0, 0.0], [0.0, 0.0, -1.0], [0.0, 1.0, 0.0]]}
