{"scale": [[0.19742760062217712, 0.0, 0.0], [0.0, 0.19742760062217712, 0.0], [0.0, 0.0, 0.19742760062217712]], "rot": [[1.0, 0.0, 0.0], [0.0, 0.0, -1.0], [0.0, 1.0, 0.0]]}
