{"scale": [[0.20392829179763794, 0.0, 0.0], [0.0, 0.20392829179763794, 0.0], [0.0, 0.0, 0.20392829179763794]], "rot": [[1.0, 0.0, 0.0], [0.0, 0.0, -1.0], [0.0, 1.0, 0.0]]}
