{"scale": [[0.18498602509498596, 0.0, 0.0], [0.0, 0.18498602509498596, 0.0], [0.0, 0.0, 0.18498602509498596]], "rot": [[1.0, 0.0, 0.0], [0.0, 0.0, -1.0], [0.0, 1.0, 0.0]]}
