{"scale": [[0.2518254220485687, 0.0, 0.0], [0.0, 0.2518254220485687, 0.0], [0.0, 0.0, 0.2518254220485687]], "rot": [[1.0, 0.0, 0.0], [0.0, 0.0, -1.0], [0.0, 1.0, 0.0]]}
