{"scale": [[0.23705536127090454, 0.0, 0.0], [0.0, 0.23705536127090454, 0.0], [0.0, 0.0, 0.23705536127090454]], "rot": [[1.0, 0.0, 0.0], [0.0, 0.0, -1.0], [0.0, 1.0, 0.0]]}
