{"scale": [[0.14181046187877655, 0.0, 0.0], [0.0, 0.14181046187877655, 0.0], [0.0, 0.0, 0.14181046187877655]], "rot": [[1.0, 0.0, 0.0], [0.0, 0.0, -1.0], [0.0, 1.0, 0.0]]}
