{"scale": [[0.22449658811092377, 0.0, 0.0], [0.0, 0.22449658811092377, 0.0], [0.0, 0.0, 0.22449658811092377]], "rot": [[1.0, 0.0, 0.0], [0.0, 0.0, -1.0], [0.0, 1.0, 0.0]]}
