{"scale": [[0.2741881310939789, 0.0, 0.0], [0.0, 0.2741881310939789, 0.0], [0.0, 0.0, 0.2741881310939789]], "rot": [[1.0, 0.0, 0.0], [0.0, 0.0, -1.0], [0.0, 1.0, 0.0]]}
