{"scale": [[0.21416999399662018, 0.0, 0.0], [0.0, 0.21416999399662018, 0.0], [0.0, 0.0, 0.21416999399662018]], "rot": [[1.0, 0.0, 0.0], [0.0, 0.0, -1.0], [0.0, 1.0, 0.0]]}
