{"scale": [[0.15689019858837128, 0.0, 0.0], [0.0, 0.15689019858837128, 0.0], [0.0, 0.0, 0.15689019858837128]], "rot": [[1.0, 0.0, 0.0], [0.0, 0.0, -1.0], [0.0, 1.0, 0.0]]}
