{"scale": [[0.1672864407300949, 0.0, 0.0], [0.0, 0.1672864407300949, 0.0], [0.0, 0.0, 0.1672864407300949]], "rot": [[1.0, 0.0, 0.0], [0.0, 0.0, -1.0], [0.0, 1.0, 0.0]]}
