{"scale": [[0.18483777344226837, 0.0, 0.0], [0.0, 0.18483777344226837, 0.0], [0.0, 0.0, 0.18483777344226837]], "rot": [[1.0, 0.0, 0.0], [0.0, 0.0, -1.0], [0.0, 1.0, 0.0]]}
