{"scale": [[0.22187766432762146, 0.0, 0.0], [0.0, 0.22187766432762146, 0.0], [0.0, 0.0, 0.22187766432762146]], "rot": [[1.0, 0.0, 0.0], [0.0, 0.0, -1.0], [0.0, 1.0, 0.0]]}
