{"scale": [[0.15593059360980988, 0.0, 0.0], [0.0, 0.15593059360980988, 0.0], [0.0, 0.0, 0.15593059360980988]], "rot": [[1.0, 0.0, 0.0], [0.0, 0.0, -1.0], [0.0, 1.0, 0.0]]}
