{"scale": [[0.15689930319786072, 0.0, 0.0], [0.0, 0.15689930319786072, 0.0], [0.0, 0.0, 0.15689930319786072]], "rot": [[1.0, 0.0, 0.0], [0.0, 0.0, -1.0], [0.0, 1.0, 0.0]]}
