{"scale": [[0.22159789502620697, 0.0, 0.0], [0.0, 0.22159789502620697, 0.0], [0.0, 0.0, 0.22159789502620697]], "rot": [[1.0, 0.0, 0.0], [0.0, 0.0, -1.0], [0.0, 1.0, 0.0]]}
