{"scale": [[0.2087084800004959, 0.0, 0.0], [0.0, 0.2087084800004959, 0.0], [0.0, 0.0, 0.2087084800004959]], "rot": [[1.0, 0.0, 0.0], [0.0, 0.0, -1.0], [0.0, 1.0, 0.0]]}
