{"scale": [[0.28915169835090637, 0.0, 0.0], [0.0, 0.28915169835090637, 0.0], [0.0, 0.0, 0.28915169835090637]], "rot": [[1.0, 0.0, 0.0], [0.0, 0.0, -1.0], [0.0, 1.0, 0.0]]}
