{"scale": [[0.29418423771858215, 0.0, 0.0], [0.0, 0.29418423771858215, 0.0], [0.0, 0.0, 0.29418423771858215]], "rot": [[1.0, 0.0, 0.0], [0.0, 0.0, -1.0], [0.0, 1.0, 0.0]]}
