{"scale": [[0.20471583306789398, 0.0, 0.0], [0.0, 0.20471583306789398, 0.0], [0.0, 0.0, 0.20471583306789398]], "rot": [[1.0, 0.0, 0.0], [0.0, 0.0, -1.0], [0.0, 1.0, 0.0]]}
