{"scale": [[0.22149161994457245, 0.0, 0.0], [0.0, 0.22149161994457245, 0.0], [0.0, 0.0, 0.22149161994457245]], "rot": [[1.0, 0.0, 0.0], [0.0, 0.0, -1.0], [0.0, 1.0, 0.0]]}
