{"scale": [[0.19848695397377014, 0.0, 0.0], [0.0, 0.19848695397377014, 0.0], [0.0, 0.0, 0.19848695397377014]], "rot": [[1.0, 0.0, 0.0], [0.0, 0.0, -1.0], [0.0, 1.0, 0.0]]}
