{"scale": [[0.3031966984272003, 0.0, 0.0], [0.0, 0.3031966984272003, 0.0], [0.0, 0.0, 0.3031966984272003]], "rot": [[1.0, 0.0, 0.0], [0.0, 0.0, -1.0], [0.0, 1.0, 0.0]]}
