{"scale": [[0.1562066525220871, 0.0, 0.0], [0.0, 0.1562066525220871, 0.0], [0.0, 0.0, 0.1562066525220871]], "rot": [[1.0, 0.0, 0.0], [0.0, 0.0, -1.0], [0.0, 1.0, 0.0]]}
