{"scale": [[0.2049567699432373, 0.0, 0.0], [0.0, 0.2049567699432373, 0.0], [0.0, 0.0, 0.2049567699432373]], "rot": [[1.0, 0.0, 0.0], [0.0, 0.0, -1.0], [0.0, 1.0, 0.0]]}
