{"scale": [[0.2639756500720978, 0.0, 0.0], [0.0, 0.2639756500720978, 0.0], [0.0, 0.0, 0.2639756500720978]], "rot": [[1.0, 0.0, 0.0], [0.0, 0.0, -1.0], [0.0, 1.0, 0.0]]}
