{"scale": [[0.16898661851882935, 0.0, 0.0], [0.0, 0.16898661851882935, 0.0], [0.0, 0.0, 0.16898661851882935]], "rot": [[1.0, 0.0, 0.0], [0.0, 0.0, -1.0], [0.0, 1.0, 0.0]]}
