{"scale": [[0.23467490077018738, 0.0, 0.0], [0.0, 0.23467490077018738, 0.0], [0.0, 0.0, 0.23467490077018738]], "rot": [[1.0, 0.0, 0.0], [0.0, 0.0, -1.0], [0.0, 1.0, 0.0]]}
