{"scale": [[0.21163541078567505, 0.0, 0.0], [0.0, 0.21163541078567505, 0.0], [0.0, 0.0, 0.21163541078567505]], "rot": [[1.0, 0.0, 0.0], [0.0, 0.0, -1.0], [0.0, 1.0, 0.0]]}
