{"scale": [[0.18421602249145508, 0.0, 0.0], [0.0, 0.18421602249145508, 0.0], [0.0, 0.0, 0.18421602249145508]], "rot": [[1.0, 0.0, 0.0], [0.0, 0.0, -1.0], [0.0, 1.0, 0.0]]}
