{"scale": [[0.27686184644699097, 0.0, 0.0], [0.0, 0.27686184644699097, 0.0], [0.0, 0.0, 0.27686184644699097]], "rot": [[1.0, 0.0, 0.0], [0.0, 0.0, -1.0], [0.0, 1.0, 0.0]]}
