{"scale": [[0.14267635345458984, 0.0, 0.0], [0.0, 0.14267635345458984, 0.0], [0.0, 0.0, 0.14267635345458984]], "rot": [[1.0, 0.0, 0.0], [0.0, 0.0, -1.0], [0.0, 1.0, 0.0]]}
