{"scale": [[0.2629612386226654, 0.0, 0.0], [0.0, 0.2629612386226654, 0.0], [0.0, 0.0, 0.2629612386226654]], "rot": [[1.0, 0.0, 0.0], [0.0, 0.0, -1.0], [0.0, 1.0, 0.0]]}
