{"scale": [[0.1447117030620575, 0.0, 0.0], [0.0, 0.1447117030620575, 0.0], [0.0, 0.0, 0.1447117030620575]], "rot": [[1.0, 0.0, 0.0], [0.0, 0.0, -1.0], [0.0, 1.0, 0.0]]}
