{"scale": [[0.16865895688533783, 0.0, 0.0], [0.0, 0.16865895688533783, 0.0], [0.0, 0.0, 0.16865895688533783]], "rot": [[1.0, 0.0, 0.0], [0.0, 0.0, -1.0], [0.0, 1.0, 0.0]]}
