{"scale": [[0.2427823394536972, 0.0, 0.0], [0.0, 0.2427823394536972, 0.0], [0.0, 0.0, 0.2427823394536972]], "rot": [[1.0, 0.0, 0.0], [0.0, 0.0, -1.0], [0.0, 1.0, 0.0]]}
