{"scale": [[0.2320578545331955, 0.0, 0.0], [0.0, 0.2320578545331955, 0.0], [0.0, 0.0, 0.2320578545331955]], "rot": [[1.0, 0.0, 0.0], [0.0, 0.0, -1.0], [0.0, 1.0, 0.0]]}
