{"scale": [[0.27663737535476685, 0.0, 0.0], [0.0, 0.27663737535476685, 0.0], [0.0, 0.0, 0.27663737535476685]], "rot": [[1.0, 0.0, 0.0], [0.0, 0.0, -1.0], [0.0, 1.0, 0.0]]}
