{"scale": [[0.22275277972221375, 0.0, 0.0], [0.0, 0.22275277972221375, 0.0], [0.0, 0.0, 0.22275277972221375]], "rot": [[1.0, 0.0, 0.0], [0.0, 0.0, -1.0], [0.0, 1.0, 0.0]]}
