{"scale": [[0.17537438869476318, 0.0, 0.0], [0.0, 0.17537438869476318, 0.0], [0.0, 0.0, 0.17537438869476318]], "rot": [[1.0, 0.0, 0.0], [0.0, 0.0, -1.0], [0.0, 1.0, 0.0]]}
