{"scale": [[0.2406168133020401, 0.0, 0.0], [0.0, 0.2406168133020401, 0.0], [0.0, 0.0, 0.2406168133020401]], "rot": [[1.0, 0.0, 0.0], [0.0, 0.0, -1.0], [0.0, 1.0, 0.0]]}
