{"scale": [[0.30251264572143555, 0.0, 0.0], [0.0, 0.30251264572143555, 0.0], [0.0, 0.0, 0.30251264572143555]], "rot": [[1.0, 0.0, 0.0], [0.0, 0.0, -1.0], [0.0, 1.0, 0.0]]}
