{"scale": [[0.2740536630153656, 0.0, 0.0], [0.0, 0.2740536630153656, 0.0], [0.0, 0.0, 0.2740536630153656]], "rot": [[1.0, 0.0, 0.0], [0.0, 0.0, -1.0], [0.0, 1.0, 0.0]]}
