{"scale": [[0.24122148752212524, 0.0, 0.0], [0.0, 0.24122148752212524, 0.0], [0.0, 0.0, 0.24122148752212524]], "rot": [[1.0, 0.0, 0.0], [0.0, 0.0, -1.0], [0.0, 1.0, 0.0]]}
