{"scale": [[0.22559837996959686, 0.0, 0.0], [0.0, 0.22559837996959686, 0.0], [0.0, 0.0, 0.22559837996959686]], "rot": [[1.0, 0.0, 0.0], [0.0, 0.0, -1.0], [0.0, 1.0, 0.0]]}
