{"scale": [[0.21885137259960175, 0.0, 0.0], [0.0, 0.21885137259960175, 0.0], [0.0, 0.0, 0.21885137259960175]], "rot": [[1.0, 0.0, 0.0], [0.0, 0.0, -1.0], [0.0, 1.0, 0.0]]}
