{"scale": [[0.22324879467487335, 0.0, 0.0], [0.0, 0.22324879467487335, 0.0], [0.0, 0.0, 0.22324879467487335]], "rot": [[1.0, 0.0, 0.0], [0.0, 0.0, -1.0], [0.0, 1.0, 0.0]]}
