{"scale": [[0.17436721920967102, 0.0, 0.0], [0.0, 0.17436721920967102, 0.0], [0.0, 0.0, 0.17436721920967102]], "rot": [[1.0, 0.0, 0.0], [0.0, 0.0, -1.0], [0.0, 1.0, 0.0]]}
