{"scale": [[0.2064562737941742, 0.0, 0.0], [0.0, 0.2064562737941742, 0.0], [0.0, 0.0, 0.2064562737941742]], "rot": [[1.0, 0.0, 0.0], [0.0, 0.0, -1.0], [0.0, 1.0, 0.0]]}
