{"scale": [[0.21726255118846893, 0.0, 0.0], [0.0, 0.21726255118846893, 0.0], [0.0, 0.0, 0.21726255118846893]], "rot": [[1.0, 0.0, 0.0], [0.0, 0.0, -1.0], [0.0, 1.0, 0.0]]}
