{"scale": [[0.2596512734889984, 0.0, 0.0], [0.0, 0.2596512734889984, 0.0], [0.0, 0.0, 0.2596512734889984]], "rot": [[1.0, 0.0, 0.0], [0.0, 0.0, -1.0], [0.0, 1.0, 0.0]]}
