{"scale": [[0.1633574366569519, 0.0, 0.0], [0.0, 0.1633574366569519, 0.0], [0.0, 0.0, 0.1633574366569519]], "rot": [[1.0, 0.0, 0.0], [0.0, 0.0, -1.0], [0.0, 1.0, 0.0]]}
