{"scale": [[0.24316370487213135, 0.0, 0.0], [0.0, 0.24316370487213135, 0.0], [0.0, 0.0, 0.24316370487213135]], "rot": [[1.0, 0.0, 0.0], [0.0, 0.0, -1.0], [0.0, 1.0, 0.0]]}
