{"scale": [[0.3008333146572113, 0.0, 0.0], [0.0, 0.3008333146572113, 0.0], [0.0, 0.0, 0.3008333146572113]], "rot": [[1.0, 0.0, 0.0], [0.0, 0.0, -1.0], [0.0, 1.0, 0.0]]}
