{"scale": [[0.20930272340774536, 0.0, 0.0], [0.0, 0.20930272340774536, 0.0], [0.0, 0.0, 0.20930272340774536]], "rot": [[1.0, 0.0, 0.0], [0.0, 0.0, -1.0], [0.0, 1.0, 0.0]]}
