{"scale": [[0.2558535039424896, 0.0, 0.0], [0.0, 0.2558535039424896, 0.0], [0.0, 0.0, 0.2558535039424896]], "rot": [[1.0, 0.0, 0.0], [0.0, 0.0, -1.0], [0.0, 1.0, 0.0]]}
