{"scale": [[0.14621317386627197, 0.0, 0.0], [0.0, 0.14621317386627197, 0.0], [0.0, 0.0, 0.14621317386627197]], "rot": [[1.0, 0.0, 0.0], [0.0, 0.0, -1.0], [0.0, 1.0, 0.0]]}
