{"scale": [[0.2718145549297333, 0.0, 0.0], [0.0, 0.2718145549297333, 0.0], [0.0, 0.0, 0.2718145549297333]], "rot": [[1.0, 0.0, 0.0], [0.0, 0.0, -1.0], [0.0, 1.0, 0.0]]}
