{"scale": [[0.15428268909454346, 0.0, 0.0], [0.0, 0.15428268909454346, 0.0], [0.0, 0.0, 0.15428268909454346]], "rot": [[1.0, 0.0, 0.0], [0.0, 0.0, -1.0], [0.0, 1.0, 0.0]]}
