{"scale": [[0.15852263569831848, 0.0, 0.0], [0.0, 0.15852263569831848, 0.0], [0.0, 0.0, 0.15852263569831848]], "rot": [[1.0, 0.0, 0.0], [0.0, 0.0, -1.0], [0.0, 1.0, 0.0]]}
