{"scale": [[0.22489070892333984, 0.0, 0.0], [0.0, 0.22489070892333984, 0.0], [0.0, 0.0, 0.22489070892333984]], "rot": [[1.0, 0.0, 0.0], [0.0, 0.0, -1.0], [0.0, 1.0, 0.0]]}
