{"scale": [[0.22369404137134552, 0.0, 0.0], [0.0, 0.22369404137134552, 0.0], [0.0, 0.0, 0.22369404137134552]], "rot": [[1.0, 0.0, 0.0], [0.0, 0.0, -1.0], [0.0, 1.0, 0.0]]}
