{"scale": [[0.16773194074630737, 0.0, 0.0], [0.0, 0.16773194074630737, 0.0], [0.0, 0.0, 0.16773194074630737]], "rot": [[1.0, 0.0, 0.0], [0.0, 0.0, -1.0], [0.0, 1.0, 0.0]]}
