{"scale": [[0.2152516096830368, 0.0, 0.0], [0.0, 0.2152516096830368, 0.0], [0.0, 0.0, 0.2152516096830368]], "rot": [[1.0, 0.0, 0.0], [0.0, 0.0, -1.0], [0.0, 1.0, 0.0]]}
