{"scale": [[0.17279189825057983, 0.0, 0.0], [0.0, 0.17279189825057983, 0.0], [0.0, 0.0, 0.17279189825057983]], "rot": [[1.0, 0.0, 0.0], [0.0, 0.0, -1.0], [0.0, 1.0, 0.0]]}
