{"scale": [[0.258497416973114, 0.0, 0.0], [0.0, 0.258497416973114, 0.0], [0.0, 0.0, 0.258497416973114]], "rot": [[1.0, 0.0, 0.0], [0.0, 0.0, -1.0], [0.0, 1.0, 0.0]]}
