{"scale": [[0.15748782455921173, 0.0, 0.0], [0.0, 0.15748782455921173, 0.0], [0.0, 0.0, 0.15748782455921173]], "rot": [[1.0, 0.0, 0.0], [0.0, 0.0, -1.0], [0.0, 1.0, 0.0]]}
