{"scale": [[0.20176343619823456, 0.0, 0.0], [0.0, 0.20176343619823456, 0.0], [0.0, 0.0, 0.20176343619823456]], "rot": [[1.0, 0.0, 0.0], [0.0, 0.0, -1.0], [0.0, 1.0, 0.0]]}
