{"scale": [[0.2644669711589813, 0.0, 0.0], [0.0, 0.2644669711589813, 0.0], [0.0, 0.0, 0.2644669711589813]], "rot": [[1.0, 0.0, 0.0], [0.0, 0.0, -1.0], [0.0, 1.0, 0.0]]}
