{"scale": [[0.28413236141204834, 0.0, 0.0], [0.0, 0.28413236141204834, 0.0], [0.0, 0.0, 0.28413236141204834]], "rot": [[1.0, 0.0, 0.0], [0.0, 0.0, -1.0], [0.0, 1.0, 0.0]]}
