{"scale": [[0.17021316289901733, 0.0, 0.0], [0.0, 0.17021316289901733, 0.0], [0.0, 0.0, 0.17021316289901733]], "rot": [[1.0, 0.0, 0.0], [0.0, 0.0, -1.0], [0.0, 1.0, 0.0]]}
