{"scale": [[0.23567688465118408, 0.0, 0.0], [0.0, 0.23567688465118408, 0.0], [0.0, 0.0, 0.23567688465118408]], "rot": [[1.0, 0.0, 0.0], [0.0, 0.0, -1.0], [0.0, 1.0, 0.0]]}
