{"scale": [[0.2294880747795105, 0.0, 0.0], [0.0, 0.2294880747795105, 0.0], [0.0, 0.0, 0.2294880747795105]], "rot": [[1.0, 0.0, 0.0], [0.0, 0.0, -1.0], [0.0, 1.0, 0.0]]}
