{"scale": [[0.29175469279289246, 0.0, 0.0], [0.0, 0.29175469279289246, 0.0], [0.0, 0.0, 0.29175469279289246]], "rot": [[1.0, 0.0, 0.0], [0.0, 0.0, -1.0], [0.0, 1.0, 0.0]]}
