{"scale": [[0.15787866711616516, 0.0, 0.0], [0.0, 0.15787866711616516, 0.0], [0.0, 0.0, 0.15787866711616516]], "rot": [[1.0, 0.0, 0.0], [0.0, 0.0, -1.0], [0.0, 1.0, 0.0]]}
