{"scale": [[0.16317498683929443, 0.0, 0.0], [0.0, 0.16317498683929443, 0.0], [0.0, 0.0, 0.16317498683929443]], "rot": [[1.0, 0.0, 0.0], [0.0, 0.0, -1.0], [0.0, 1.0, 0.0]]}
