{"scale": [[0.17440380156040192, 0.0, 0.0], [0.0, 0.17440380156040192, 0.0], [0.0, 0.0, 0.17440380156040192]], "rot": [[1.0, 0.0, 0.0], [0.0, 0.0, -1.0], [0.0, 1.0, 0.0]]}
