{"scale": [[0.2656237483024597, 0.0, 0.0], [0.0, 0.2656237483024597, 0.0], [0.0, 0.0, 0.2656237483024597]], "rot": [[1.0, 0.0, 0.0], [0.0, 0.0, -1.0], [0.0, 1.0, 0.0]]}
