{"scale": [[0.1927066594362259, 0.0, 0.0], [0.0, 0.1927066594362259, 0.0], [0.0, 0.0, 0.1927066594362259]], "rot": [[1.0, 0.0, 0.0], [0.0, 0.0, -1.0], [0.0, 1.0, 0.0]]}
