{"scale": [[0.2155395746231079, 0.0, 0.0], [0.0, 0.2155395746231079, 0.0], [0.0, 0.0, 0.2155395746231079]], "rot": [[1.0, 0.0, 0.0], [0.0, 0.0, -1.0], [0.0, 1.0, 0.0]]}
