{"scale": [[0.24718986451625824, 0.0, 0.0], [0.0, 0.24718986451625824, 0.0], [0.0, 0.0, 0.24718986451625824]], "rot": [[1.0, 0.0, 0.0], [0.0, 0.0, -1.0], [0.0, 1.0, 0.0]]}
