{"scale": [[0.15925484895706177, 0.0, 0.0], [0.0, 0.15925484895706177, 0.0], [0.0, 0.0, 0.15925484895706177]], "rot": [[1.0, 0.0, 0.0], [0.0, 0.0, -1.0], [0.0, 1.0, 0.0]]}
