{"scale": [[0.2795983552932739, 0.0, 0.0], [0.0, 0.2795983552932739, 0.0], [0.0, 0.0, 0.2795983552932739]], "rot": [[1.0, 0.0, 0.0], [0.0, 0.0, -1.0], [0.0, 1.0, 0.0]]}
