{"scale": [[0.2920742928981781, 0.0, 0.0], [0.0, 0.2920742928981781, 0.0], [0.0, 0.0, 0.2920742928981781]], "rot": [[1.0, 0.0, 0.0], [0.0, 0.0, -1.0], [0.0, 1.0, 0.0]]}
