{"scale": [[0.2413826286792755, 0.0, 0.0], [0.0, 0.2413826286792755, 0.0], [0.0, 0.0, 0.2413826286792755]], "rot": [[1.0, 0.0, 0.0], [0.0, 0.0, -1.0], [0.0, 1.0, 0.0]]}
