{"scale": [[0.13556282222270966, 0.0, 0.0], [0.0, 0.13556282222270966, 0.0], [0.0, 0.0, 0.13556282222270966]], "rot": [[1.0, 0.0, 0.0], [0.0, 0.0, -1.0], [0.0, 1.0, 0.0]]}
