{"scale": [[0.27554941177368164, 0.0, 0.0], [0.0, 0.27554941177368164, 0.0], [0.0, 0.0, 0.27554941177368164]], "rot": [[1.0, 0.0, 0.0], [0.0, 0.0, -1.0], [0.0, 1.0, 0.0]]}
