{"scale": [[0.2295895665884018, 0.0, 0.0], [0.0, 0.2295895665884018, 0.0], [0.0, 0.0, 0.2295895665884018]], "rot": [[1.0, 0.0, 0.0], [0.0, 0.0, -1.0], [0.0, 1.0, 0.0]]}
