{"scale": [[0.16059094667434692, 0.0, 0.0], [0.0, 0.16059094667434692, 0.0], [0.0, 0.0, 0.16059094667434692]], "rot": [[1.0, 0.0, 0.0], [0.0, 0.0, -1.0], [0.0, 1.0, 0.0]]}
