{"scale": [[0.26905369758605957, 0.0, 0.0], [0.0, 0.26905369758605957, 0.0], [0.0, 0.0, 0.26905369758605957]], "rot": [[1.0, 0.0, 0.0], [0.0, 0.0, -1.0], [0.0, 1.0, 0.0]]}
