{"scale": [[0.16733872890472412, 0.0, 0.0], [0.0, 0.16733872890472412, 0.0], [0.0, 0.0, 0.16733872890472412]], "rot": [[1.0, 0.0, 0.0], [0.0, 0.0, -1.0], [0.0, 1.0, 0.0]]}
