{"scale": [[0.2776820659637451, 0.0, 0.0], [0.0, 0.2776820659637451, 0.0], [0.0, 0.0, 0.2776820659637451]], "rot": [[1.0, 0.0, 0.0], [0.0, 0.0, -1.0], [0.0, 1.0, 0.0]]}
