{"scale": [[0.2916249632835388, 0.0, 0.0], [0.0, 0.2916249632835388, 0.0], [0.0, 0.0, 0.2916249632835388]], "rot": [[1.0, 0.0, 0.0], [0.0, 0.0, -1.0], [0.0, 1.0, 0.0]]}
