{"scale": [[0.29937344789505005, 0.0, 0.0], [0.0, 0.29937344789505005, 0.0], [0.0, 0.0, 0.29937344789505005]], "rot": [[1.0, 0.0, 0.0], [0.0, 0.0, -1.0], [0.0, 1.0, 0.0]]}
