{"scale": [[0.2037348449230194, 0.0, 0.0], [0.0, 0.2037348449230194, 0.0], [0.0, 0.0, 0.2037348449230194]], "rot": [[1.0, 0.0, 0.0], [0.0, 0.0, -1.0], [0.0, 1.0, 0.0]]}
