{"scale": [[0.2578394412994385, 0.0, 0.0], [0.0, 0.2578394412994385, 0.0], [0.0, 0.0, 0.2578394412994385]], "rot": [[1.0, 0.0, 0.0], [0.0, 0.0, -1.0], [0.0, 1.0, 0.0]]}
