{"scale": [[0.20497316122055054, 0.0, 0.0], [0.0, 0.20497316122055054, 0.0], [0.0, 0.0, 0.20497316122055054]], "rot": [[1.0, 0.0, 0.0], [0.0, 0.0, -1.0], [0.0, 1.0, 0.0]]}
