{"scale": [[0.15903201699256897, 0.0, 0.0], [0.0, 0.15903201699256897, 0.0], [0.0, 0.0, 0.15903201699256897]], "rot": [[1.0, 0.0, 0.0], [0.0, 0.0, -1.0], [0.0, 1.0, 0.0]]}
