{"scale": [[0.22524230182170868, 0.0, 0.0], [0.0, 0.22524230182170868, 0.0], [0.0, 0.0, 0.22524230182170868]], "rot": [[1.0, 0.0, 0.0], [0.0, 0.0, -1.0], [0.0, 1.0, 0.0]]}
