{"scale": [[0.21898044645786285, 0.0, 0.0], [0.0, 0.21898044645786285, 0.0], [0.0, 0.0, 0.21898044645786285]], "rot": [[1.0, 0.0, 0.0], [0.0, 0.0, -1.0], [0.0, 1.0, 0.0]]}
