{"scale": [[0.17725007236003876, 0.0, 0.0], [0.0, 0.17725007236003876, 0.0], [0.0, 0.0, 0.17725007236003876]], "rot": [[1.0, 0.0, 0.0], [0.0, 0.0, -1.0], [0.0, 1.0, 0.0]]}
