{"scale": [[0.15421974658966064, 0.0, 0.0], [0.0, 0.15421974658966064, 0.0], [0.0, 0.0, 0.15421974658966064]], "rot": [[1.0, 0.0, 0.0], [0.0, 0.0, -1.0], [0.0, 1.0, 0.0]]}
