{"scale": [[0.18374863266944885, 0.0, 0.0], [0.0, 0.18374863266944885, 0.0], [0.0, 0.0, 0.18374863266944885]], "rot": [[1.0, 0.0, 0.0], [0.0, 0.0, -1.0], [0.0, 1.0, 0.0]]}
