{"scale": [[0.1594119668006897, 0.0, 0.0], [0.0, 0.1594119668006897, 0.0], [0.0, 0.0, 0.1594119668006897]], "rot": [[1.0, 0.0, 0.0], [0.0, 0.0, -1.0], [0.0, 1.0, 0.0]]}
