{"scale": [[0.18513451516628265, 0.0, 0.0], [0.0, 0.18513451516628265, 0.0], [0.0, 0.0, 0.18513451516628265]], "rot": [[1.0, 0.0, 0.0], [0.0, 0.0, -1.0], [0.0, 1.0, 0.0]]}
