{"scale": [[0.2581027150154114, 0.0, 0.0], [0.0, 0.2581027150154114, 0.0], [0.0, 0.0, 0.2581027150154114]], "rot": [[1.0, 0.0, 0.0], [0.0, 0.0, -1.0], [0.0, 1.0, 0.0]]}
