{"scale": [[0.2916046380996704, 0.0, 0.0], [0.0, 0.2916046380996704, 0.0], [0.0, 0.0, 0.2916046380996704]], "rot": [[1.0, 0.0, 0.0], [0.0, 0.0, -1.0], [0.0, 1.0, 0.0]]}
