{"scale": [[0.24456320703029633, 0.0, 0.0], [0.0, 0.24456320703029633, 0.0], [0.0, 0.0, 0.24456320703029633]], "rot": [[1.0, 0.0, 0.0], [0.0, 0.0, -1.0], [0.0, 1.0, 0.0]]}
