{"scale": [[0.296413779258728, 0.0, 0.0], [0.0, 0.296413779258728, 0.0], [0.0, 0.0, 0.296413779258728]], "rot": [[1.0, 0.0, 0.0], [0.0, 0.0, -1.0], [0.0, 1.0, 0.0]]}
