{"scale": [[0.2352060228586197, 0.0, 0.0], [0.0, 0.2352060228586197, 0.0], [0.0, 0.0, 0.2352060228586197]], "rot": [[1.0, 0.0, 0.0], [0.0, 0.0, -1.0], [0.0, 1.0, 0.0]]}
