{"scale": [[0.2562958300113678, 0.0, 0.0], [0.0, 0.2562958300113678, 0.0], [0.0, 0.0, 0.2562958300113678]], "rot": [[1.0, 0.0, 0.0], [0.0, 0.0, -1.0], [0.0, 1.0, 0.0]]}
