{"scale": [[0.14679314196109772, 0.0, 0.0], [0.0, 0.14679314196109772, 0.0], [0.0, 0.0, 0.14679314196109772]], "rot": [[1.0, 0.0, 0.0], [0.0, 0.0, -1.0], [0.0, 1.0, 0.0]]}
