{"scale": [[0.30511587858200073, 0.0, 0.0], [0.0, 0.30511587858200073, 0.0], [0.0, 0.0, 0.30511587858200073]], "rot": [[1.0, 0.0, 0.0], [0.0, 0.0, -1.0], [0.0, 1.0, 0.0]]}
