{"scale": [[0.1691054254770279, 0.0, 0.0], [0.0, 0.1691054254770279, 0.0], [0.0, 0.0, 0.1691054254770279]], "rot": [[1.0, 0.0, 0.0], [0.0, 0.0, -1.0], [0.0, 1.0, 0.0]]}
