{"scale": [[0.1392778903245926, 0.0, 0.0], [0.0, 0.1392778903245926, 0.0], [0.0, 0.0, 0.1392778903245926]], "rot": [[1.0, 0.0, 0.0], [0.0, 0.0, -1.0], [0.0, 1.0, 0.0]]}
