{"scale": [[0.16594037413597107, 0.0, 0.0], [0.0, 0.16594037413597107, 0.0], [0.0, 0.0, 0.16594037413597107]], "rot": [[1.0, 0.0, 0.0], [0.0, 0.0, -1.0], [0.0, 1.0, 0.0]]}
