{"scale": [[0.23654481768608093, 0.0, 0.0], [0.0, 0.23654481768608093, 0.0], [0.0, 0.0, 0.23654481768608093]], "rot": [[1.0, 0.0, 0.0], [0.0, 0.0, -1.0], [0.0, 1.0, 0.0]]}
