{"scale": [[0.21778598427772522, 0.0, 0.0], [0.0, 0.21778598427772522, 0.0], [0.0, 0.0, 0.21778598427772522]], "rot": [[1.0, 0.0, 0.0], [0.0, 0.0, -1.0], [0.0, 1.0, 0.0]]}
