{"scale": [[0.24614353477954865, 0.0, 0.0], [0.0, 0.24614353477954865, 0.0], [0.0, 0.0, 0.24614353477954865]], "rot": [[1.0, 0.0, 0.0], [0.0, 0.0, -1.0], [0.0, 1.0, 0.0]]}
