{"scale": [[0.27927693724632263, 0.0, 0.0], [0.0, 0.27927693724632263, 0.0], [0.0, 0.0, 0.27927693724632263]], "rot": [[1.0, 0.0, 0.0], [0.0, 0.0, -1.0], [0.0, 1.0, 0.0]]}
