{"scale": [[0.24140764772891998, 0.0, 0.0], [0.0, 0.24140764772891998, 0.0], [0.0, 0.0, 0.24140764772891998]], "rot": [[1.0, 0.0, 0.0], [0.0, 0.0, -1.0], [0.0, 1.0, 0.0]]}
