{"scale": [[0.2754744589328766, 0.0, 0.0], [0.0, 0.2754744589328766, 0.0], [0.0, 0.0, 0.2754744589328766]], "rot": [[1.0, 0.0, 0.0], [0.0, 0.0, -1.0], [0.0, 1.0, 0.0]]}
