{"scale": [[0.19759626686573029, 0.0, 0.0], [0.0, 0.19759626686573029, 0.0], [0.0, 0.0, 0.19759626686573029]], "rot": [[1.0, 0.0, 0.0], [0.0, 0.0, -1.0], [0.0, 1.0, 0.0]]}
