{"scale": [[0.21759557723999023, 0.0, 0.0], [0.0, 0.21759557723999023, 0.0], [0.0, 0.0, 0.21759557723999023]], "rot": [[1.0, 0.0, 0.0], [0.0, 0.0, -1.0], [0.0, 1.0, 0.0]]}
