{"scale": [[0.2027885764837265, 0.0, 0.0], [0.0, 0.2027885764837265, 0.0], [0.0, 0.0, 0.2027885764837265]], "rot": [[1.0, 0.0, 0.0], [0.0, 0.0, -1.0], [0.0, 1.0, 0.0]]}
