{"scale": [[0.301861435174942, 0.0, 0.0], [0.0, 0.301861435174942, 0.0], [0.0, 0.0, 0.301861435174942]], "rot": [[1.0, 0.0, 0.0], [0.0, 0.0, -1.0], [0.0, 1.0, 0.0]]}
