{"scale": [[0.21710845828056335, 0.0, 0.0], [0.0, 0.21710845828056335, 0.0], [0.0, 0.0, 0.21710845828056335]], "rot": [[1.0, 0.0, 0.0], [0.0, 0.0, -1.0], [0.0, 1.0, 0.0]]}
