{"scale": [[0.23047785460948944, 0.0, 0.0], [0.0, 0.23047785460948944, 0.0], [0.0, 0.0, 0.23047785460948944]], "rot": [[1.0, 0.0, 0.0], [0.0, 0.0, -1.0], [0.0, 1.0, 0.0]]}
