{"scale": [[0.2707773745059967, 0.0, 0.0], [0.0, 0.2707773745059967, 0.0], [0.0, 0.0, 0.2707773745059967]], "rot": [[1.0, 0.0, 0.0], [0.0, 0.0, -1.0], [0.0, 1.0, 0.0]]}
