{"scale": [[0.23244109749794006, 0.0, 0.0], [0.0, 0.23244109749794006, 0.0], [0.0, 0.0, 0.23244109749794006]], "rot": [[1.0, 0.0, 0.0], [0.0, 0.0, -1.0], [0.0, 1.0, 0.0]]}
