{"scale": [[0.17160391807556152, 0.0, 0.0], [0.0, 0.17160391807556152, 0.0], [0.0, 0.0, 0.17160391807556152]], "rot": [[1.0, 0.0, 0.0], [0.0, 0.0, -1.0], [0.0, 1.0, 0.0]]}
