{"scale": [[0.17402487993240356, 0.0, 0.0], [0.0, 0.17402487993240356, 0.0], [0.0, 0.0, 0.17402487993240356]], "rot": [[1.0, 0.0, 0.0], [0.0, 0.0, -1.0], [0.0, 1.0, 0.0]]}
