{"scale": [[0.1764090210199356, 0.0, 0.0], [0.0, 0.1764090210199356, 0.0], [0.0, 0.0, 0.1764090210199356]], "rot": [[1.0, 0.0, 0.0], [0.0, 0.0, -1.0], [0.0, 1.0, 0.0]]}
