{"scale": [[0.22842994332313538, 0.0, 0.0], [0.0, 0.22842994332313538, 0.0], [0.0, 0.0, 0.22842994332313538]], "rot": [[1.0, 0.0, 0.0], [0.0, 0.0, -1.0], [0.0, 1.0, 0.0]]}
