{"scale": [[0.1573551744222641, 0.0, 0.0], [0.0, 0.1573551744222641, 0.0], [0.0, 0.0, 0.1573551744222641]], "rot": [[1.0, 0.0, 0.0], [0.0, 0.0, -1.0], [0.0, 1.0, 0.0]]}
