{"scale": [[0.2538219690322876, 0.0, 0.0], [0.0, 0.2538219690322876, 0.0], [0.0, 0.0, 0.2538219690322876]], "rot": [[1.0, 0.0, 0.0], [0.0, 0.0, -1.0], [0.0, 1.0, 0.0]]}
