{"scale": [[0.2384452372789383, 0.0, 0.0], [0.0, 0.2384452372789383, 0.0], [0.0, 0.0, 0.2384452372789383]], "rot": [[1.0, 0.0, 0.0], [0.0, 0.0, -1.0], [0.0, 1.0, 0.0]]}
