{"scale": [[0.17677855491638184, 0.0, 0.0], [0.0, 0.17677855491638184, 0.0], [0.0, 0.0, 0.17677855491638184]], "rot": [[1.0, 0.0, 0.0], [0.0, 0.0, -1.0], [0.0, 1.0, 0.0]]}
