{"scale": [[0.16772006452083588, 0.0, 0.0], [0.0, 0.16772006452083588, 0.0], [0.0, 0.0, 0.16772006452083588]], "rot": [[1.0, 0.0, 0.0], [0.0, 0.0, -1.0], [0.0, 1.0, 0.0]]}
