{"scale": [[0.15353836119174957, 0.0, 0.0], [0.0, 0.15353836119174957, 0.0], [0.0, 0.0, 0.15353836119174957]], "rot": [[1.0, 0.0, 0.0], [0.0, 0.0, -1.0], [0.0, 1.0, 0.0]]}
