{"scale": [[0.27514079213142395, 0.0, 0.0], [0.0, 0.27514079213142395, 0.0], [0.0, 0.0, 0.27514079213142395]], "rot": [[1.0, 0.0, 0.0], [0.0, 0.0, -1.0], [0.0, 1.0, 0.0]]}
