{"scale": [[0.23928603529930115, 0.0, 0.0], [0.0, 0.23928603529930115, 0.0], [0.0, 0.0, 0.23928603529930115]], "rot": [[1.0, 0.0, 0.0], [0.0, 0.0, -1.0], [0.0, 1.0, 0.0]]}
