{"scale": [[0.1399281769990921, 0.0, 0.0], [0.0, 0.1399281769990921, 0.0], [0.0, 0.0, 0.1399281769990921]], "rot": [[1.0, 0.0, 0.0], [0.0, 0.0, -1.0], [0.0, 1.0, 0.0]]}
