{"scale": [[0.2967931926250458, 0.0, 0.0], [0.0, 0.2967931926250458, 0.0], [0.0, 0.0, 0.2967931926250458]], "rot": [[1.0, 0.0, 0.0], [0.0, 0.0, -1.0], [0.0, 1.0, 0.0]]}
