{"scale": [[0.22923806309700012, 0.0, 0.0], [0.0, 0.22923806309700012, 0.0], [0.0, 0.0, 0.22923806309700012]], "rot": [[1.0, 0.0, 0.0], [0.0, 0.0, -1.0], [0.0, 1.0, 0.0]]}
