{"scale": [[0.20463138818740845, 0.0, 0.0], [0.0, 0.20463138818740845, 0.0], [0.0, 0.0, 0.20463138818740845]], "rot": [[1.0, 0.0, 0.0], [0.0, 0.0, -1.0], [0.0, 1.0, 0.0]]}
