{"scale": [[0.21023878455162048, 0.0, 0.0], [0.0, 0.21023878455162048, 0.0], [0.0, 0.0, 0.21023878455162048]], "rot": [[1.0, 0.0, 0.0], [0.0, 0.0, -1.0], [0.0, 1.0, 0.0]]}
