{"scale": [[0.1514253318309784, 0.0, 0.0], [0.0, 0.1514253318309784, 0.0], [0.0, 0.0, 0.1514253318309784]], "rot": [[1.0, 0.0, 0.0], [0.0, 0.0, -1.0], [0.0, 1.0, 0.0]]}
