{"scale": [[0.3044120967388153, 0.0, 0.0], [0.0, 0.3044120967388153, 0.0], [0.0, 0.0, 0.3044120967388153]], "rot": [[1.0, 0.0, 0.0], [0.0, 0.0, -1.0], [0.0, 1.0, 0.0]]}
