{"scale": [[0.25833630561828613, 0.0, 0.0], [0.0, 0.25833630561828613, 0.0], [0.0, 0.0, 0.25833630561828613]], "rot": [[1.0, 0.0, 0.0], [0.0, 0.0, -1.0], [0.0, 1.0, 0.0]]}
