{"scale": [[0.2404434084892273, 0.0, 0.0], [0.0, 0.2404434084892273, 0.0], [0.0, 0.0, 0.2404434084892273]], "rot": [[1.0, 0.0, 0.0], [0.0, 0.0, -1.0], [0.0, 1.0, 0.0]]}
