{"scale": [[0.17680111527442932, 0.0, 0.0], [0.0, 0.17680111527442932, 0.0], [0.0, 0.0, 0.17680111527442932]], "rot": [[1.0, 0.0, 0.0], [0.0, 0.0, -1.0], [0.0, 1.0, 0.0]]}
