{"scale": [[0.17753809690475464, 0.0, 0.0], [0.0, 0.17753809690475464, 0.0], [0.0, 0.0, 0.17753809690475464]], "rot": [[1.0, 0.0, 0.0], [0.0, 0.0, -1.0], [0.0, 1.0, 0.0]]}
