{"scale": [[0.15909619629383087, 0.0, 0.0], [0.0, 0.15909619629383087, 0.0], [0.0, 0.0, 0.15909619629383087]], "rot": [[1.0, 0.0, 0.0], [0.0, 0.0, -1.0], [0.0, 1.0, 0.0]]}
