{"scale": [[0.20822744071483612, 0.0, 0.0], [0.0, 0.20822744071483612, 0.0], [0.0, 0.0, 0.20822744071483612]], "rot": [[1.0, 0.0, 0.0], [0.0, 0.0, -1.0], [0.0, 1.0, 0.0]]}
