{"scale": [[0.3021429181098938, 0.0, 0.0], [0.0, 0.3021429181098938, 0.0], [0.0, 0.0, 0.3021429181098938]], "rot": [[1.0, 0.0, 0.0], [0.0, 0.0, -1.0], [0.0, 1.0, 0.0]]}
