{"scale": [[0.1675114780664444, 0.0, 0.0], [0.0, 0.1675114780664444, 0.0], [0.0, 0.0, 0.1675114780664444]], "rot": [[1.0, 0.0, 0.0], [0.0, 0.0, -1.0], [0.0, 1.0, 0.0]]}
