{"scale": [[0.2953983247280121, 0.0, 0.0], [0.0, 0.2953983247280121, 0.0], [0.0, 0.0, 0.2953983247280121]], "rot": [[1.0, 0.0, 0.0], [0.0, 0.0, -1.0], [0.0, 1.0, 0.0]]}
