{"scale": [[0.1856827437877655, 0.0, 0.0], [0.0, 0.1856827437877655, 0.0], [0.0, 0.0, 0.1856827437877655]], "rot": [[1.0, 0.0, 0.0], [0.0, 0.0, -1.0], [0.0, 1.0, 0.0]]}
