{"scale": [[0.22774703800678253, 0.0, 0.0], [0.0, 0.22774703800678253, 0.0], [0.0, 0.0, 0.22774703800678253]], "rot": [[1.0, 0.0, 0.0], [0.0, 0.0, -1.0], [0.0, 1.0, 0.0]]}
