{"scale": [[0.14563463628292084, 0.0, 0.0], [0.0, 0.14563463628292084, 0.0], [0.0, 0.0, 0.14563463628292084]], "rot": [[1.0, 0.0, 0.0], [0.0, 0.0, -1.0], [0.0, 1.0, 0.0]]}
