{"scale": [[0.16979502141475677, 0.0, 0.0], [0.0, 0.16979502141475677, 0.0], [0.0, 0.0, 0.16979502141475677]], "rot": [[1.0, 0.0, 0.0], [0.0, 0.0, -1.0], [0.0, 1.0, 0.0]]}
