{"scale": [[0.217691570520401, 0.0, 0.0], [0.0, 0.217691570520401, 0.0], [0.0, 0.0, 0.217691570520401]], "rot": [[1.0, 0.0, 0.0], [0.0, 0.0, -1.0], [0.0, 1.0, 0.0]]}
