{"scale": [[0.254978209733963, 0.0, 0.0], [0.0, 0.254978209733963, 0.0], [0.0, 0.0, 0.254978209733963]], "rot": [[1.0, 0.0, 0.0], [0.0, 0.0, -1.0], [0.0, 1.0, 0.0]]}
