{"scale": [[0.2618125081062317, 0.0, 0.0], [0.0, 0.2618125081062317, 0.0], [0.0, 0.0, 0.2618125081062317]], "rot": [[1.0, 0.0, 0.0], [0.0, 0.0, -1.0], [0.0, 1.0, 0.0]]}
