{"scale": [[0.1600782424211502, 0.0, 0.0], [0.0, 0.1600782424211502, 0.0], [0.0, 0.0, 0.1600782424211502]], "rot": [[1.0, 0.0, 0.0], [0.0, 0.0, -1.0], [0.0, 1.0, 0.0]]}
