{"scale": [[0.3073592782020569, 0.0, 0.0], [0.0, 0.3073592782020569, 0.0], [0.0, 0.0, 0.3073592782020569]], "rot": [[1.0, 0.0, 0.0], [0.0, 0.0, -1.0], [0.0, 1.0, 0.0]]}
