{"scale": [[0.3068443238735199, 0.0, 0.0], [0.0, 0.3068443238735199, 0.0], [0.0, 0.0, 0.3068443238735199]], "rot": [[1.0, 0.0, 0.0], [0.0, 0.0, -1.0], [0.0, 1.0, 0.0]]}
