{"scale": [[0.23135751485824585, 0.0, 0.0], [0.0, 0.23135751485824585, 0.0], [0.0, 0.0, 0.23135751485824585]], "rot": [[1.0, 0.0, 0.0], [0.0, 0.0, -1.0], [0.0, 1.0, 0.0]]}
