{"scale": [[0.16698306798934937, 0.0, 0.0], [0.0, 0.16698306798934937, 0.0], [0.0, 0.0, 0.16698306798934937]], "rot": [[1.0, 0.0, 0.0], [0.0, 0.0, -1.0], [0.0, 1.0, 0.0]]}
