{"scale": [[0.13677328824996948, 0.0, 0.0], [0.0, 0.13677328824996948, 0.0], [0.0, 0.0, 0.13677328824996948]], "rot": [[1.0, 0.0, 0.0], [0.0, 0.0, -1.0], [0.0, 1.0, 0.0]]}
