{"scale": [[0.14788657426834106, 0.0, 0.0], [0.0, 0.14788657426834106, 0.0], [0.0, 0.0, 0.14788657426834106]], "rot": [[1.0, 0.0, 0.0], [0.0, 0.0, -1.0], [0.0, 1.0, 0.0]]}
