{"scale": [[0.2658774256706238, 0.0, 0.0], [0.0, 0.2658774256706238, 0.0], [0.0, 0.0, 0.2658774256706238]], "rot": [[1.0, 0.0, 0.0], [0.0, 0.0, -1.0], [0.0, 1.0, 0.0]]}
