{"scale": [[0.16794955730438232, 0.0, 0.0], [0.0, 0.16794955730438232, 0.0], [0.0, 0.0, 0.16794955730438232]], "rot": [[1.0, 0.0, 0.0], [0.0, 0.0, -1.0], [0.0, 1.0, 0.0]]}
