{"scale": [[0.2628970742225647, 0.0, 0.0], [0.0, 0.2628970742225647, 0.0], [0.0, 0.0, 0.2628970742225647]], "rot": [[1.0, 0.0, 0.0], [0.0, 0.0, -1.0], [0.0, 1.0, 0.0]]}
