{"scale": [[0.21325893700122833, 0.0, 0.0], [0.0, 0.21325893700122833, 0.0], [0.0, 0.0, 0.21325893700122833]], "rot": [[1.0, 0.0, 0.0], [0.0, 0.0, -1.0], [0.0, 1.0, 0.0]]}
