{"scale": [[0.2973584532737732, 0.0, 0.0], [0.0, 0.2973584532737732, 0.0], [0.0, 0.0, 0.2973584532737732]], "rot": [[1.0, 0.0, 0.0], [0.0, 0.0, -1.0], [0.0, 1.0, 0.0]]}
