{"scale": [[0.16689737141132355, 0.0, 0.0], [0.0, 0.16689737141132355, 0.0], [0.0, 0.0, 0.16689737141132355]], "rot": [[1.0, 0.0, 0.0], [0.0, 0.0, -1.0], [0.0, 1.0, 0.0]]}
