{"scale": [[0.2762254774570465, 0.0, 0.0], [0.0, 0.2762254774570465, 0.0], [0.0, 0.0, 0.2762254774570465]], "rot": [[1.0, 0.0, 0.0], [0.0, 0.0, -1.0], [0.0, 1.0, 0.0]]}
