{"scale": [[0.24408811330795288, 0.0, 0.0], [0.0, 0.24408811330795288, 0.0], [0.0, 0.0, 0.24408811330795288]], "rot": [[1.0, 0.0, 0.0], [0.0, 0.0, -1.0], [0.0, 1.0, 0.0]]}
