{"scale": [[0.19618083536624908, 0.0, 0.0], [0.0, 0.19618083536624908, 0.0], [0.0, 0.0, 0.19618083536624908]], "rot": [[1.0, 0.0, 0.0], [0.0, 0.0, -1.0], [0.0, 1.0, 0.0]]}
