{"scale": [[0.21782293915748596, 0.0, 0.0], [0.0, 0.21782293915748596, 0.0], [0.0, 0.0, 0.21782293915748596]], "rot": [[1.0, 0.0, 0.0], [0.0, 0.0, -1.0], [0.0, 1.0, 0.0]]}
