{"scale": [[0.20507006347179413, 0.0, 0.0], [0.0, 0.20507006347179413, 0.0], [0.0, 0.0, 0.20507006347179413]], "rot": [[1.0, 0.0, 0.0], [0.0, 0.0, -1.0], [0.0, 1.0, 0.0]]}
