{"scale": [[0.22412355244159698, 0.0, 0.0], [0.0, 0.22412355244159698, 0.0], [0.0, 0.0, 0.22412355244159698]], "rot": [[1.0, 0.0, 0.0], [0.0, 0.0, -1.0], [0.0, 1.0, 0.0]]}
