{"scale": [[0.15912216901779175, 0.0, 0.0], [0.0, 0.15912216901779175, 0.0], [0.0, 0.0, 0.15912216901779175]], "rot": [[1.0, 0.0, 0.0], [0.0, 0.0, -1.0], [0.0, 1.0, 0.0]]}
