{"scale": [[0.20697760581970215, 0.0, 0.0], [0.0, 0.20697760581970215, 0.0], [0.0, 0.0, 0.20697760581970215]], "rot": [[1.0, 0.0, 0.0], [0.0, 0.0, -1.0], [0.0, 1.0, 0.0]]}
