{"scale": [[0.24004361033439636, 0.0, 0.0], [0.0, 0.24004361033439636, 0.0], [0.0, 0.0, 0.24004361033439636]], "rot": [[1.0, 0.0, 0.0], [0.0, 0.0, -1.0], [0.0, 1.0, 0.0]]}
