{"scale": [[0.17530034482479095, 0.0, 0.0], [0.0, 0.17530034482479095, 0.0], [0.0, 0.0, 0.17530034482479095]], "rot": [[1.0, 0.0, 0.0], [0.0, 0.0, -1.0], [0.0, 1.0, 0.0]]}
