{"scale": [[0.20708248019218445, 0.0, 0.0], [0.0, 0.20708248019218445, 0.0], [0.0, 0.0, 0.20708248019218445]], "rot": [[1.0, 0.0, 0.0], [0.0, 0.0, -1.0], [0.0, 1.0, 0.0]]}
