{"scale": [[0.1535675823688507, 0.0, 0.0], [0.0, 0.1535675823688507, 0.0], [0.0, 0.0, 0.1535675823688507]], "rot": [[1.0, 0.0, 0.0], [0.0, 0.0, -1.0], [0.0, 1.0, 0.0]]}
