{"scale": [[0.15122368931770325, 0.0, 0.0], [0.0, 0.15122368931770325, 0.0], [0.0, 0.0, 0.15122368931770325]], "rot": [[1.0, 0.0, 0.0], [0.0, 0.0, -1.0], [0.0, 1.0, 0.0]]}
