{"scale": [[0.13420750200748444, 0.0, 0.0], [0.0, 0.13420750200748444, 0.0], [0.0, 0.0, 0.13420750200748444]], "rot": [[1.0, 0.0, 0.0], [0.0, 0.0, -1.0], [0.0, 1.0, 0.0]]}
