{"scale": [[0.2634693682193756, 0.0, 0.0], [0.0, 0.2634693682193756, 0.0], [0.0, 0.0, 0.2634693682193756]], "rot": [[1.0, 0.0, 0.0], [0.0, 0.0, -1.0], [0.0, 1.0, 0.0]]}
