{"scale": [[0.16673341393470764, 0.0, 0.0], [0.0, 0.16673341393470764, 0.0], [0.0, 0.0, 0.16673341393470764]], "rot": [[1.0, 0.0, 0.0], [0.0, 0.0, -1.0], [0.0, 1.0, 0.0]]}
