{"scale": [[0.17274221777915955, 0.0, 0.0], [0.0, 0.17274221777915955, 0.0], [0.0, 0.0, 0.17274221777915955]], "rot": [[1.0, 0.0, 0.0], [0.0, 0.0, -1.0], [0.0, 1.0, 0.0]]}
