{"scale": [[0.20504894852638245, 0.0, 0.0], [0.0, 0.20504894852638245, 0.0], [0.0, 0.0, 0.20504894852638245]], "rot": [[1.0, 0.0, 0.0], [0.0, 0.0, -1.0], [0.0, 1.0, 0.0]]}
