{"scale": [[0.22810965776443481, 0.0, 0.0], [0.0, 0.22810965776443481, 0.0], [0.0, 0.0, 0.22810965776443481]], "rot": [[1.0, 0.0, 0.0], [0.0, 0.0, -1.0], [0.0, 1.0, 0.0]]}
