{"scale": [[0.14748746156692505, 0.0, 0.0], [0.0, 0.14748746156692505, 0.0], [0.0, 0.0, 0.14748746156692505]], "rot": [[1.0, 0.0, 0.0], [0.0, 0.0, -1.0], [0.0, 1.0, 0.0]]}
