{"scale": [[0.15480735898017883, 0.0, 0.0], [0.0, 0.15480735898017883, 0.0], [0.0, 0.0, 0.15480735898017883]], "rot": [[1.0, 0.0, 0.0], [0.0, 0.0, -1.0], [0.0, 1.0, 0.0]]}
