{"scale": [[0.25348028540611267, 0.0, 0.0], [0.0, 0.25348028540611267, 0.0], [0.0, 0.0, 0.25348028540611267]], "rot": [[1.0, 0.0, 0.0], [0.0, 0.0, -1.0], [0.0, 1.0, 0.0]]}
