{"scale": [[0.23758742213249207, 0.0, 0.0], [0.0, 0.23758742213249207, 0.0], [0.0, 0.0, 0.23758742213249207]], "rot": [[1.0, 0.0, 0.0], [0.0, 0.0, -1.0], [0.0, 1.0, 0.0]]}
