{"scale": [[0.27963021397590637, 0.0, 0.0], [0.0, 0.27963021397590637, 0.0], [0.0, 0.0, 0.27963021397590637]], "rot": [[1.0, 0.0, 0.0], [0.0, 0.0, -1.0], [0.0, 1.0, 0.0]]}
