{"scale": [[0.26232972741127014, 0.0, 0.0], [0.0, 0.26232972741127014, 0.0], [0.0, 0.0, 0.26232972741127014]], "rot": [[1.0, 0.0, 0.0], [0.0, 0.0, -1.0], [0.0, 1.0, 0.0]]}
