{"scale": [[0.23476362228393555, 0.0, 0.0], [0.0, 0.23476362228393555, 0.0], [0.0, 0.0, 0.23476362228393555]], "rot": [[1.0, 0.0, 0.0], [0.0, 0.0, -1.0], [0.0, 1.0, 0.0]]}
