{"scale": [[0.27569377422332764, 0.0, 0.0], [0.0, 0.27569377422332764, 0.0], [0.0, 0.0, 0.27569377422332764]], "rot": [[1.0, 0.0, 0.0], [0.0, 0.0, -1.0], [0.0, 1.0, 0.0]]}
