{"scale": [[0.21915630996227264, 0.0, 0.0], [0.0, 0.21915630996227264, 0.0], [0.0, 0.0, 0.21915630996227264]], "rot": [[1.0, 0.0, 0.0], [0.0, 0.0, -1.0], [0.0, 1.0, 0.0]]}
