{"scale": [[0.17456373572349548, 0.0, 0.0], [0.0, 0.17456373572349548, 0.0], [0.0, 0.0, 0.17456373572349548]], "rot": [[1.0, 0.0, 0.0], [0.0, 0.0, -1.0], [0.0, 1.0, 0.0]]}
