{"scale": [[0.2034207284450531, 0.0, 0.0], [0.0, 0.2034207284450531, 0.0], [0.0, 0.0, 0.2034207284450531]], "rot": [[1.0, 0.0, 0.0], [0.0, 0.0, -1.0], [0.0, 1.0, 0.0]]}
