{"scale": [[0.22710824012756348, 0.0, 0.0], [0.0, 0.22710824012756348, 0.0], [0.0, 0.0, 0.22710824012756348]], "rot": [[1.0, 0.0, 0.0], [0.0, 0.0, -1.0], [0.0, 1.0, 0.0]]}
