{"scale": [[0.21614938974380493, 0.0, 0.0], [0.0, 0.21614938974380493, 0.0], [0.0, 0.0, 0.21614938974380493]], "rot": [[1.0, 0.0, 0.0], [0.0, 0.0, -1.0], [0.0, 1.0, 0.0]]}
