{"scale": [[0.22118139266967773, 0.0, 0.0], [0.0, 0.22118139266967773, 0.0], [0.0, 0.0, 0.22118139266967773]], "rot": [[1.0, 0.0, 0.0], [0.0, 0.0, -1.0], [0.0, 1.0, 0.0]]}
