{"scale": [[0.2044065296649933, 0.0, 0.0], [0.0, 0.2044065296649933, 0.0], [0.0, 0.0, 0.2044065296649933]], "rot": [[1.0, 0.0, 0.0], [0.0, 0.0, -1.0], [0.0, 1.0, 0.0]]}
