{"scale": [[0.17379730939865112, 0.0, 0.0], [0.0, 0.17379730939865112, 0.0], [0.0, 0.0, 0.17379730939865112]], "rot": [[1.0, 0.0, 0.0], [0.0, 0.0, -1.0], [0.0, 1.0, 0.0]]}
