{"scale": [[0.2861329913139343, 0.0, 0.0], [0.0, 0.2861329913139343, 0.0], [0.0, 0.0, 0.2861329913139343]], "rot": [[1.0, 0.0, 0.0], [0.0, 0.0, -1.0], [0.0, 1.0, 0.0]]}
