{"scale": [[0.18063274025917053, 0.0, 0.0], [0.0, 0.18063274025917053, 0.0], [0.0, 0.0, 0.18063274025917053]], "rot": [[1.0, 0.0, 0.0], [0.0, 0.0, -1.0], [0.0, 1.0, 0.0]]}
