{"scale": [[0.15883523225784302, 0.0, 0.0], [0.0, 0.15883523225784302, 0.0], [0.0, 0.0, 0.15883523225784302]], "rot": [[1.0, 0.0, 0.0], [0.0, 0.0, -1.0], [0.0, 1.0, 0.0]]}
