{"scale": [[0.21704119443893433, 0.0, 0.0], [0.0, 0.21704119443893433, 0.0], [0.0, 0.0, 0.21704119443893433]], "rot": [[1.0, 0.0, 0.0], [0.0, 0.0, -1.0], [0.0, 1.0, 0.0]]}
