{"scale": [[0.1749570667743683, 0.0, 0.0], [0.0, 0.1749570667743683, 0.0], [0.0, 0.0, 0.1749570667743683]], "rot": [[1.0, 0.0, 0.0], [0.0, 0.0, -1.0], [0.0, 1.0, 0.0]]}
