{"scale": [[0.17055344581604004, 0.0, 0.0], [0.0, 0.17055344581604004, 0.0], [0.0, 0.0, 0.17055344581604004]], "rot": [[1.0, 0.0, 0.0], [0.0, 0.0, -1.0], [0.0, 1.0, 0.0]]}
