{"scale": [[0.2646624445915222, 0.0, 0.0], [0.0, 0.2646624445915222, 0.0], [0.0, 0.0, 0.2646624445915222]], "rot": [[1.0, 0.0, 0.0], [0.0, 0.0, -1.0], [0.0, 1.0, 0.0]]}
