{"scale": [[0.23621715605258942, 0.0, 0.0], [0.0, 0.23621715605258942, 0.0], [0.0, 0.0, 0.23621715605258942]], "rot": [[1.0, 0.0, 0.0], [0.0, 0.0, -1.0], [0.0, 1.0, 0.0]]}
