{"scale": [[0.18952666223049164, 0.0, 0.0], [0.0, 0.18952666223049164, 0.0], [0.0, 0.0, 0.18952666223049164]], "rot": [[1.0, 0.0, 0.0], [0.0, 0.0, -1.0], [0.0, 1.0, 0.0]]}
