{"scale": [[0.1732272505760193, 0.0, 0.0], [0.0, 0.1732272505760193, 0.0], [0.0, 0.0, 0.1732272505760193]], "rot": [[1.0, 0.0, 0.0], [0.0, 0.0, -1.0], [0.0, 1.0, 0.0]]}
