{"scale": [[0.23168492317199707, 0.0, 0.0], [0.0, 0.23168492317199707, 0.0], [0.0, 0.0, 0.23168492317199707]], "rot": [[1.0, 0.0, 0.0], [0.0, 0.0, -1.0], [0.0, 1.0, 0.0]]}
