{"scale": [[0.28038546442985535, 0.0, 0.0], [0.0, 0.28038546442985535, 0.0], [0.0, 0.0, 0.28038546442985535]], "rot": [[1.0, 0.0, 0.0], [0.0, 0.0, -1.0], [0.0, 1.0, 0.0]]}
