{"scale": [[0.2131376713514328, 0.0, 0.0], [0.0, 0.2131376713514328, 0.0], [0.0, 0.0, 0.2131376713514328]], "rot": [[1.0, 0.0, 0.0], [0.0, 0.0, -1.0], [0.0, 1.0, 0.0]]}
