{"scale": [[0.1512674242258072, 0.0, 0.0], [0.0, 0.1512674242258072, 0.0], [0.0, 0.0, 0.1512674242258072]], "rot": [[1.0, 0.0, 0.0], [0.0, 0.0, -1.0], [0.0, 1.0, 0.0]]}
