{"scale": [[0.3063163757324219, 0.0, 0.0], [0.0, 0.3063163757324219, 0.0], [0.0, 0.0, 0.3063163757324219]], "rot": [[1.0, 0.0, 0.0], [0.0, 0.0, -1.0], [0.0, 1.0, 0.0]]}
