{"scale": [[0.16790993511676788, 0.0, 0.0], [0.0, 0.16790993511676788, 0.0], [0.0, 0.0, 0.16790993511676788]], "rot": [[1.0, 0.0, 0.0], [0.0, 0.0, -1.0], [0.0, 1.0, 0.0]]}
