{"scale": [[0.14714665710926056, 0.0, 0.0], [0.0, 0.14714665710926056, 0.0], [0.0, 0.0, 0.14714665710926056]], "rot": [[1.0, 0.0, 0.0], [0.0, 0.0, -1.0], [0.0, 1.0, 0.0]]}
