{"scale": [[0.18046610057353973, 0.0, 0.0], [0.0, 0.18046610057353973, 0.0], [0.0, 0.0, 0.18046610057353973]], "rot": [[1.0, 0.0, 0.0], [0.0, 0.0, -1.0], [0.0, 1.0, 0.0]]}
