{"scale": [[0.16257861256599426, 0.0, 0.0], [0.0, 0.16257861256599426, 0.0], [0.0, 0.0, 0.16257861256599426]], "rot": [[1.0, 0.0, 0.0], [0.0, 0.0, -1.0], [0.0, 1.0, 0.0]]}
