{"scale": [[0.2931411862373352, 0.0, 0.0], [0.0, 0.2931411862373352, 0.0], [0.0, 0.0, 0.2931411862373352]], "rot": [[1.0, 0.0, 0.0], [0.0, 0.0, -1.0], [0.0, 1.0, 0.0]]}
