{"scale": [[0.17494042217731476, 0.0, 0.0], [0.0, 0.17494042217731476, 0.0], [0.0, 0.0, 0.17494042217731476]], "rot": [[1.0, 0.0, 0.0], [0.0, 0.0, -1.0], [0.0, 1.0, 0.0]]}
