{"scale": [[0.23760950565338135, 0.0, 0.0], [0.0, 0.23760950565338135, 0.0], [0.0, 0.0, 0.23760950565338135]], "rot": [[1.0, 0.0, 0.0], [0.0, 0.0, -1.0], [0.0, 1.0, 0.0]]}
