{"scale": [[0.23848669230937958, 0.0, 0.0], [0.0, 0.23848669230937958, 0.0], [0.0, 0.0, 0.23848669230937958]], "rot": [[1.0, 0.0, 0.0], [0.0, 0.0, -1.0], [0.0, 1.0, 0.0]]}
