{"scale": [[0.16235414147377014, 0.0, 0.0], [0.0, 0.16235414147377014, 0.0], [0.0, 0.0, 0.16235414147377014]], "rot": [[1.0, 0.0, 0.0], [0.0, 0.0, -1.0], [0.0, 1.0, 0.0]]}
