{"scale": [[0.17474636435508728, 0.0, 0.0], [0.0, 0.17474636435508728, 0.0], [0.0, 0.0, 0.17474636435508728]], "rot": [[1.0, 0.0, 0.0], [0.0, 0.0, -1.0], [0.0, 1.0, 0.0]]}
