{"scale": [[0.1720908284187317, 0.0, 0.0], [0.0, 0.1720908284187317, 0.0], [0.0, 0.0, 0.1720908284187317]], "rot": [[1.0, 0.0, 0.0], [0.0, 0.0, -1.0], [0.0, 1.0, 0.0]]}
