{"scale": [[0.2412315309047699, 0.0, 0.0], [0.0, 0.2412315309047699, 0.0], [0.0, 0.0, 0.2412315309047699]], "rot": [[1.0, 0.0, 0.0], [0.0, 0.0, -1.0], [0.0, 1.0, 0.0]]}
