{"scale": [[0.227247953414917, 0.0, 0.0], [0.0, 0.227247953414917, 0.0], [0.0, 0.0, 0.227247953414917]], "rot": [[1.0, 0.0, 0.0], [0.0, 0.0, -1.0], [0.0, 1.0, 0.0]]}
