{"scale": [[0.2331249862909317, 0.0, 0.0], [0.0, 0.2331249862909317, 0.0], [0.0, 0.0, 0.2331249862909317]], "rot": [[1.0, 0.0, 0.0], [0.0, 0.0, -1.0], [0.0, 1.0, 0.0]]}
