{"scale": [[0.2047976702451706, 0.0, 0.0], [0.0, 0.2047976702451706, 0.0], [0.0, 0.0, 0.2047976702451706]], "rot": [[1.0, 0.0, 0.0], [0.0, 0.0, -1.0], [0.0, 1.0, 0.0]]}
