{"scale": [[0.16167131066322327, 0.0, 0.0], [0.0, 0.16167131066322327, 0.0], [0.0, 0.0, 0.16167131066322327]], "rot": [[1.0, 0.0, 0.0], [0.0, 0.0, -1.0], [0.0, 1.0, 0.0]]}
