{"scale": [[0.3005346655845642, 0.0, 0.0], [0.0, 0.3005346655845642, 0.0], [0.0, 0.0, 0.3005346655845642]], "rot": [[1.0, 0.0, 0.0], [0.0, 0.0, -1.0], [0.0, 1.0, 0.0]]}
