{"scale": [[0.2277607023715973, 0.0, 0.0], [0.0, 0.2277607023715973, 0.0], [0.0, 0.0, 0.2277607023715973]], "rot": [[1.0, 0.0, 0.0], [0.0, 0.0, -1.0], [0.0, 1.0, 0.0]]}
