{"scale": [[0.1627669483423233, 0.0, 0.0], [0.0, 0.1627669483423233, 0.0], [0.0, 0.0, 0.1627669483423233]], "rot": [[1.0, 0.0, 0.0], [0.0, 0.0, -1.0], [0.0, 1.0, 0.0]]}
