{"scale": [[0.18823650479316711, 0.0, 0.0], [0.0, 0.18823650479316711, 0.0], [0.0, 0.0, 0.18823650479316711]], "rot": [[1.0, 0.0, 0.0], [0.0, 0.0, -1.0], [0.0, 1.0, 0.0]]}
