{"scale": [[0.16143137216567993, 0.0, 0.0], [0.0, 0.16143137216567993, 0.0], [0.0, 0.0, 0.16143137216567993]], "rot": [[1.0, 0.0, 0.0], [0.0, 0.0, -1.0], [0.0, 1.0, 0.0]]}
