{"scale": [[0.166845440864563, 0.0, 0.0], [0.0, 0.166845440864563, 0.0], [0.0, 0.0, 0.166845440864563]], "rot": [[1.0, 0.0, 0.0], [0.0, 0.0, -1.0], [0.0, 1.0, 0.0]]}
