{"scale": [[0.24428117275238037, 0.0, 0.0], [0.0, 0.24428117275238037, 0.0], [0.0, 0.0, 0.24428117275238037]], "rot": [[1.0, 0.0, 0.0], [0.0, 0.0, -1.0], [0.0, 1.0, 0.0]]}
