{"scale": [[0.23043735325336456, 0.0, 0.0], [0.0, 0.23043735325336456, 0.0], [0.0, 0.0, 0.23043735325336456]], "rot": [[1.0, 0.0, 0.0], [0.0, 0.0, -1.0], [0.0, 1.0, 0.0]]}
