{"scale": [[0.2606665790081024, 0.0, 0.0], [0.0, 0.2606665790081024, 0.0], [0.0, 0.0, 0.2606665790081024]], "rot": [[1.0, 0.0, 0.0], [0.0, 0.0, -1.0], [0.0, 1.0, 0.0]]}
