{"scale": [[0.3037734925746918, 0.0, 0.0], [0.0, 0.3037734925746918, 0.0], [0.0, 0.0, 0.3037734925746918]], "rot": [[1.0, 0.0, 0.0], [0.0, 0.0, -1.0], [0.0, 1.0, 0.0]]}
