{"scale": [[0.3056062161922455, 0.0, 0.0], [0.0, 0.3056062161922455, 0.0], [0.0, 0.0, 0.3056062161922455]], "rot": [[1.0, 0.0, 0.0], [0.0, 0.0, -1.0], [0.0, 1.0, 0.0]]}
