{"scale": [[0.1616046130657196, 0.0, 0.0], [0.0, 0.1616046130657196, 0.0], [0.0, 0.0, 0.1616046130657196]], "rot": [[1.0, 0.0, 0.0], [0.0, 0.0, -1.0], [0.0, 1.0, 0.0]]}
