{"scale": [[0.22098995745182037, 0.0, 0.0], [0.0, 0.22098995745182037, 0.0], [0.0, 0.0, 0.22098995745182037]], "rot": [[1.0, 0.0, 0.0], [0.0, 0.0, -1.0], [0.0, 1.0, 0.0]]}
