{"scale": [[0.23265106976032257, 0.0, 0.0], [0.0, 0.23265106976032257, 0.0], [0.0, 0.0, 0.23265106976032257]], "rot": [[1.0, 0.0, 0.0], [0.0, 0.0, -1.0], [0.0, 1.0, 0.0]]}
