{"scale": [[0.29572924971580505, 0.0, 0.0], [0.0, 0.29572924971580505, 0.0], [0.0, 0.0, 0.29572924971580505]], "rot": [[1.0, 0.0, 0.0], [0.0, 0.0, -1.0], [0.0, 1.0, 0.0]]}
