{"scale": [[0.15831448137760162, 0.0, 0.0], [0.0, 0.15831448137760162, 0.0], [0.0, 0.0, 0.15831448137760162]], "rot": [[1.0, 0.0, 0.0], [0.0, 0.0, -1.0], [0.0, 1.0, 0.0]]}
