{"scale": [[0.14908674359321594, 0.0, 0.0], [0.0, 0.14908674359321594, 0.0], [0.0, 0.0, 0.14908674359321594]], "rot": [[1.0, 0.0, 0.0], [0.0, 0.0, -1.0], [0.0, 1.0, 0.0]]}
