{"scale": [[0.16953149437904358, 0.0, 0.0], [0.0, 0.16953149437904358, 0.0], [0.0, 0.0, 0.16953149437904358]], "rot": [[1.0, 0.0, 0.0], [0.0, 0.0, -1.0], [0.0, 1.0, 0.0]]}
