{"scale": [[0.17502571642398834, 0.0, 0.0], [0.0, 0.17502571642398834, 0.0], [0.0, 0.0, 0.17502571642398834]], "rot": [[1.0, 0.0, 0.0], [0.0, 0.0, -1.0], [0.0, 1.0, 0.0]]}
