{"scale": [[0.21089035272598267, 0.0, 0.0], [0.0, 0.21089035272598267, 0.0], [0.0, 0.0, 0.21089035272598267]], "rot": [[1.0, 0.0, 0.0], [0.0, 0.0, -1.0], [0.0, 1.0, 0.0]]}
