{"scale": [[0.30398955941200256, 0.0, 0.0], [0.0, 0.30398955941200256, 0.0], [0.0, 0.0, 0.30398955941200256]], "rot": [[1.0, 0.0, 0.0], [0.0, 0.0, -1.0], [0.0, 1.0, 0.0]]}
