{"scale": [[0.2829940617084503, 0.0, 0.0], [0.0, 0.2829940617084503, 0.0], [0.0, 0.0, 0.2829940617084503]], "rot": [[1.0, 0.0, 0.0], [0.0, 0.0, -1.0], [0.0, 1.0, 0.0]]}
