{"scale": [[0.2853216528892517, 0.0, 0.0], [0.0, 0.2853216528892517, 0.0], [0.0, 0.0, 0.2853216528892517]], "rot": [[1.0, 0.0, 0.0], [0.0, 0.0, -1.0], [0.0, 1.0, 0.0]]}
