{"scale": [[0.2722034752368927, 0.0, 0.0], [0.0, 0.2722034752368927, 0.0], [0.0, 0.0, 0.2722034752368927]], "rot": [[1.0, 0.0, 0.0], [0.0, 0.0, -1.0], [0.0, 1.0, 0.0]]}
