{"scale": [[0.21326296031475067, 0.0, 0.0], [0.0, 0.21326296031475067, 0.0], [0.0, 0.0, 0.21326296031475067]], "rot": [[1.0, 0.0, 0.0], [0.0, 0.0, -1.0], [0.0, 1.0, 0.0]]}
