{"scale": [[0.2317335158586502, 0.0, 0.0], [0.0, 0.2317335158586502, 0.0], [0.0, 0.0, 0.2317335158586502]], "rot": [[1.0, 0.0, 0.0], [0.0, 0.0, -1.0], [0.0, 1.0, 0.0]]}
