{"scale": [[0.2936347723007202, 0.0, 0.0], [0.0, 0.2936347723007202, 0.0], [0.0, 0.0, 0.2936347723007202]], "rot": [[1.0, 0.0, 0.0], [0.0, 0.0, -1.0], [0.0, 1.0, 0.0]]}
