{"scale": [[0.2752068340778351, 0.0, 0.0], [0.0, 0.2752068340778351, 0.0], [0.0, 0.0, 0.2752068340778351]], "rot": [[1.0, 0.0, 0.0], [0.0, 0.0, -1.0], [0.0, 1.0, 0.0]]}
