{"scale": [[0.18647505342960358, 0.0, 0.0], [0.0, 0.18647505342960358, 0.0], [0.0, 0.0, 0.18647505342960358]], "rot": [[1.0, 0.0, 0.0], [0.0, 0.0, -1.0], [0.0, 1.0, 0.0]]}
