{"scale": [[0.1668369472026825, 0.0, 0.0], [0.0, 0.1668369472026825, 0.0], [0.0, 0.0, 0.1668369472026825]], "rot": [[1.0, 0.0, 0.0], [0.0, 0.0, -1.0], [0.0, 1.0, 0.0]]}
