{"scale": [[0.24314208328723907, 0.0, 0.0], [0.0, 0.24314208328723907, 0.0], [0.0, 0.0, 0.24314208328723907]], "rot": [[1.0, 0.0, 0.0], [0.0, 0.0, -1.0], [0.0, 1.0, 0.0]]}
