{"scale": [[0.1586650162935257, 0.0, 0.0], [0.0, 0.1586650162935257, 0.0], [0.0, 0.0, 0.1586650162935257]], "rot": [[1.0, 0.0, 0.0], [0.0, 0.0, -1.0], [0.0, 1.0, 0.0]]}
