{"scale": [[0.23642615973949432, 0.0, 0.0], [0.0, 0.23642615973949432, 0.0], [0.0, 0.0, 0.23642615973949432]], "rot": [[1.0, 0.0, 0.0], [0.0, 0.0, -1.0], [0.0, 1.0, 0.0]]}
