{"scale": [[0.21290411055088043, 0.0, 0.0], [0.0, 0.21290411055088043, 0.0], [0.0, 0.0, 0.21290411055088043]], "rot": [[1.0, 0.0, 0.0], [0.0, 0.0, -1.0], [0.0, 1.0, 0.0]]}
