{"scale": [[0.3063395023345947, 0.0, 0.0], [0.0, 0.3063395023345947, 0.0], [0.0, 0.0, 0.3063395023345947]], "rot": [[1.0, 0.0, 0.0], [0.0, 0.0, -1.0], [0.0, 1.0, 0.0]]}
