{"scale": [[0.28592345118522644, 0.0, 0.0], [0.0, 0.28592345118522644, 0.0], [0.0, 0.0, 0.28592345118522644]], "rot": [[1.0, 0.0, 0.0], [0.0, 0.0, -1.0], [0.0, 1.0, 0.0]]}
