{"scale": [[0.29355180263519287, 0.0, 0.0], [0.0, 0.29355180263519287, 0.0], [0.0, 0.0, 0.29355180263519287]], "rot": [[1.0, 0.0, 0.0], [0.0, 0.0, -1.0], [0.0, 1.0, 0.0]]}
