{"scale": [[0.2787637412548065, 0.0, 0.0], [0.0, 0.2787637412548065, 0.0], [0.0, 0.0, 0.2787637412548065]], "rot": [[1.0, 0.0, 0.0], [0.0, 0.0, -1.0], [0.0, 1.0, 0.0]]}
