{"scale": [[0.27058812975883484, 0.0, 0.0], [0.0, 0.27058812975883484, 0.0], [0.0, 0.0, 0.27058812975883484]], "rot": [[1.0, 0.0, 0.0], [0.0, 0.0, -1.0], [0.0, 1.0, 0.0]]}
