{"scale": [[0.29017871618270874, 0.0, 0.0], [0.0, 0.29017871618270874, 0.0], [0.0, 0.0, 0.29017871618270874]], "rot": [[1.0, 0.0, 0.0], [0.0, 0.0, -1.0], [0.0, 1.0, 0.0]]}
