{"scale": [[0.14237970113754272, 0.0, 0.0], [0.0, 0.14237970113754272, 0.0], [0.0, 0.0, 0.14237970113754272]], "rot": [[1.0, 0.0, 0.0], [0.0, 0.0, -1.0], [0.0, 1.0, 0.0]]}
