{"scale": [[0.1709344983100891, 0.0, 0.0], [0.0, 0.1709344983100891, 0.0], [0.0, 0.0, 0.1709344983100891]], "rot": [[1.0, 0.0, 0.0], [0.0, 0.0, -1.0], [0.0, 1.0, 0.0]]}
