{"scale": [[0.1883210837841034, 0.0, 0.0], [0.0, 0.1883210837841034, 0.0], [0.0, 0.0, 0.1883210837841034]], "rot": [[1.0, 0.0, 0.0], [0.0, 0.0, -1.0], [0.0, 1.0, 0.0]]}
