{"scale": [[0.22051307559013367, 0.0, 0.0], [0.0, 0.22051307559013367, 0.0], [0.0, 0.0, 0.22051307559013367]], "rot": [[1.0, 0.0, 0.0], [0.0, 0.0, -1.0], [0.0, 1.0, 0.0]]}
