{"scale": [[0.20617899298667908, 0.0, 0.0], [0.0, 0.20617899298667908, 0.0], [0.0, 0.0, 0.20617899298667908]], "rot": [[1.0, 0.0, 0.0], [0.0, 0.0, -1.0], [0.0, 1.0, 0.0]]}
