{"scale": [[0.15385037660598755, 0.0, 0.0], [0.0, 0.15385037660598755, 0.0], [0.0, 0.0, 0.15385037660598755]], "rot": [[1.0, 0.0, 0.0], [0.0, 0.0, -1.0], [0.0, 1.0, 0.0]]}
