{"scale": [[0.25606685876846313, 0.0, 0.0], [0.0, 0.25606685876846313, 0.0], [0.0, 0.0, 0.25606685876846313]], "rot": [[1.0, 0.0, 0.0], [0.0, 0.0, -1.0], [0.0, 1.0, 0.0]]}
