{"scale": [[0.13388876616954803, 0.0, 0.0], [0.0, 0.13388876616954803, 0.0], [0.0, 0.0, 0.13388876616954803]], "rot": [[1.0, 0.0, 0.0], [0.0, 0.0, -1.0], [0.0, 1.0, 0.0]]}
