{"scale": [[0.22268934547901154, 0.0, 0.0], [0.0, 0.22268934547901154, 0.0], [0.0, 0.0, 0.22268934547901154]], "rot": [[1.0, 0.0, 0.0], [0.0, 0.0, -1.0], [0.0, 1.0, 0.0]]}
