{"scale": [[0.18354763090610504, 0.0, 0.0], [0.0, 0.18354763090610504, 0.0], [0.0, 0.0, 0.18354763090610504]], "rot": [[1.0, 0.0, 0.0], [0.0, 0.0, -1.0], [0.0, 1.0, 0.0]]}
