{"scale": [[0.21337023377418518, 0.0, 0.0], [0.0, 0.21337023377418518, 0.0], [0.0, 0.0, 0.21337023377418518]], "rot": [[1.0, 0.0, 0.0], [0.0, 0.0, -1.0], [0.0, 1.0, 0.0]]}
