{"scale": [[0.22943276166915894, 0.0, 0.0], [0.0, 0.22943276166915894, 0.0], [0.0, 0.0, 0.22943276166915894]], "rot": [[1.0, 0.0, 0.0], [0.0, 0.0, -1.0], [0.0, 1.0, 0.0]]}
