{"scale": [[0.16398915648460388, 0.0, 0.0], [0.0, 0.16398915648460388, 0.0], [0.0, 0.0, 0.16398915648460388]], "rot": [[1.0, 0.0, 0.0], [0.0, 0.0, -1.0], [0.0, 1.0, 0.0]]}
