{"scale": [[0.2600070834159851, 0.0, 0.0], [0.0, 0.2600070834159851, 0.0], [0.0, 0.0, 0.2600070834159851]], "rot": [[1.0, 0.0, 0.0], [0.0, 0.0, -1.0], [0.0, 1.0, 0.0]]}
