{"scale": [[0.22137007117271423, 0.0, 0.0], [0.0, 0.22137007117271423, 0.0], [0.0, 0.0, 0.22137007117271423]], "rot": [[1.0, 0.0, 0.0], [0.0, 0.0, -1.0], [0.0, 1.0, 0.0]]}
