{"scale": [[0.16821494698524475, 0.0, 0.0], [0.0, 0.16821494698524475, 0.0], [0.0, 0.0, 0.16821494698524475]], "rot": [[1.0, 0.0, 0.0], [0.0, 0.0, -1.0], [0.0, 1.0, 0.0]]}
