{"scale": [[0.24408522248268127, 0.0, 0.0], [0.0, 0.24408522248268127, 0.0], [0.0, 0.0, 0.24408522248268127]], "rot": [[1.0, 0.0, 0.0], [0.0, 0.0, -1.0], [0.0, 1.0, 0.0]]}
