{"scale": [[0.2978954315185547, 0.0, 0.0], [0.0, 0.2978954315185547, 0.0], [0.0, 0.0, 0.2978954315185547]], "rot": [[1.0, 0.0, 0.0], [0.0, 0.0, -1.0], [0.0, 1.0, 0.0]]}
