{"scale": [[0.3015139698982239, 0.0, 0.0], [0.0, 0.3015139698982239, 0.0], [0.0, 0.0, 0.3015139698982239]], "rot": [[1.0, 0.0, 0.0], [0.0, 0.0, -1.0], [0.0, 1.0, 0.0]]}
