{"scale": [[0.21112196147441864, 0.0, 0.0], [0.0, 0.21112196147441864, 0.0], [0.0, 0.0, 0.21112196147441864]], "rot": [[1.0, 0.0, 0.0], [0.0, 0.0, -1.0], [0.0, 1.0, 0.0]]}
