{"scale": [[0.13942304253578186, 0.0, 0.0], [0.0, 0.13942304253578186, 0.0], [0.0, 0.0, 0.13942304253578186]], "rot": [[1.0, 0.0, 0.0], [0.0, 0.0, -1.0], [0.0, 1.0, 0.0]]}
