{"scale": [[0.14042560756206512, 0.0, 0.0], [0.0, 0.14042560756206512, 0.0], [0.0, 0.0, 0.14042560756206512]], "rot": [[1.0, 0.0, 0.0], [0.0, 0.0, -1.0], [0.0, 1.0, 0.0]]}
