{"scale": [[0.24444462358951569, 0.0, 0.0], [0.0, 0.24444462358951569, 0.0], [0.0, 0.0, 0.24444462358951569]], "rot": [[1.0, 0.0, 0.0], [0.0, 0.0, -1.0], [0.0, 1.0, 0.0]]}
