{"scale": [[0.18017449975013733, 0.0, 0.0], [0.0, 0.18017449975013733, 0.0], [0.0, 0.0, 0.18017449975013733]], "rot": [[1.0, 0.0, 0.0], [0.0, 0.0, -1.0], [0.0, 1.0, 0.0]]}
