{"scale": [[0.1664341241121292, 0.0, 0.0], [0.0, 0.1664341241121292, 0.0], [0.0, 0.0, 0.1664341241121292]], "rot": [[1.0, 0.0, 0.0], [0.0, 0.0, -1.0], [0.0, 1.0, 0.0]]}
