{"scale": [[0.2736528217792511, 0.0, 0.0], [0.0, 0.2736528217792511, 0.0], [0.0, 0.0, 0.2736528217792511]], "rot": [[1.0, 0.0, 0.0], [0.0, 0.0, -1.0], [0.0, 1.0, 0.0]]}
