{"scale": [[0.30344754457473755, 0.0, 0.0], [0.0, 0.30344754457473755, 0.0], [0.0, 0.0, 0.30344754457473755]], "rot": [[1.0, 0.0, 0.0], [0.0, 0.0, -1.0], [0.0, 1.0, 0.0]]}
