{"scale": [[0.20579569041728973, 0.0, 0.0], [0.0, 0.20579569041728973, 0.0], [0.0, 0.0, 0.20579569041728973]], "rot": [[1.0, 0.0, 0.0], [0.0, 0.0, -1.0], [0.0, 1.0, 0.0]]}
