{"scale": [[0.26362332701683044, 0.0, 0.0], [0.0, 0.26362332701683044, 0.0], [0.0, 0.0, 0.26362332701683044]], "rot": [[1.0, 0.0, 0.0], [0.0, 0.0, -1.0], [0.0, 1.0, 0.0]]}
