{"scale": [[0.22226612269878387, 0.0, 0.0], [0.0, 0.22226612269878387, 0.0], [0.0, 0.0, 0.22226612269878387]], "rot": [[1.0, 0.0, 0.0], [0.0, 0.0, -1.0], [0.0, 1.0, 0.0]]}
