{"scale": [[0.2951335608959198, 0.0, 0.0], [0.0, 0.2951335608959198, 0.0], [0.0, 0.0, 0.2951335608959198]], "rot": [[1.0, 0.0, 0.0], [0.0, 0.0, -1.0], [0.0, 1.0, 0.0]]}
