{"scale": [[0.17219576239585876, 0.0, 0.0], [0.0, 0.17219576239585876, 0.0], [0.0, 0.0, 0.17219576239585876]], "rot": [[1.0, 0.0, 0.0], [0.0, 0.0, -1.0], [0.0, 1.0, 0.0]]}
