{"scale": [[0.2427348643541336, 0.0, 0.0], [0.0, 0.2427348643541336, 0.0], [0.0, 0.0, 0.2427348643541336]], "rot": [[1.0, 0.0, 0.0], [0.0, 0.0, -1.0], [0.0, 1.0, 0.0]]}
