{"scale": [[0.2026473730802536, 0.0, 0.0], [0.0, 0.2026473730802536, 0.0], [0.0, 0.0, 0.2026473730802536]], "rot": [[1.0, 0.0, 0.0], [0.0, 0.0, -1.0], [0.0, 1.0, 0.0]]}
