{"scale": [[0.25476503372192383, 0.0, 0.0], [0.0, 0.25476503372192383, 0.0], [0.0, 0.0, 0.25476503372192383]], "rot": [[1.0, 0.0, 0.0], [0.0, 0.0, -1.0], [0.0, 1.0, 0.0]]}
