{"scale": [[0.1642250269651413, 0.0, 0.0], [0.0, 0.1642250269651413, 0.0], [0.0, 0.0, 0.1642250269651413]], "rot": [[1.0, 0.0, 0.0], [0.0, 0.0, -1.0], [0.0, 1.0, 0.0]]}
