{"scale": [[0.2172989547252655, 0.0, 0.0], [0.0, 0.2172989547252655, 0.0], [0.0, 0.0, 0.2172989547252655]], "rot": [[1.0, 0.0, 0.0], [0.0, 0.0, -1.0], [0.0, 1.0, 0.0]]}
