{"scale": [[0.21072955429553986, 0.0, 0.0], [0.0, 0.21072955429553986, 0.0], [0.0, 0.0, 0.21072955429553986]], "rot": [[1.0, 0.0, 0.0], [0.0, 0.0, -1.0], [0.0, 1.0, 0.0]]}
