{"scale": [[0.2864604592323303, 0.0, 0.0], [0.0, 0.2864604592323303, 0.0], [0.0, 0.0, 0.2864604592323303]], "rot": [[1.0, 0.0, 0.0], [0.0, 0.0, -1.0], [0.0, 1.0, 0.0]]}
