{"scale": [[0.21823203563690186, 0.0, 0.0], [0.0, 0.21823203563690186, 0.0], [0.0, 0.0, 0.21823203563690186]], "rot": [[1.0, 0.0, 0.0], [0.0, 0.0, -1.0], [0.0, 1.0, 0.0]]}
