{"scale": [[0.14123278856277466, 0.0, 0.0], [0.0, 0.14123278856277466, 0.0], [0.0, 0.0, 0.14123278856277466]], "rot": [[1.0, 0.0, 0.0], [0.0, 0.0, -1.0], [0.0, 1.0, 0.0]]}
