{"scale": [[0.21676036715507507, 0.0, 0.0], [0.0, 0.21676036715507507, 0.0], [0.0, 0.0, 0.21676036715507507]], "rot": [[1.0, 0.0, 0.0], [0.0, 0.0, -1.0], [0.0, 1.0, 0.0]]}
