{"scale": [[0.21155835688114166, 0.0, 0.0], [0.0, 0.21155835688114166, 0.0], [0.0, 0.0, 0.21155835688114166]], "rot": [[1.0, 0.0, 0.0], [0.0, 0.0, -1.0], [0.0, 1.0, 0.0]]}
