{"scale": [[0.16852590441703796, 0.0, 0.0], [0.0, 0.16852590441703796, 0.0], [0.0, 0.0, 0.16852590441703796]], "rot": [[1.0, 0.0, 0.0], [0.0, 0.0, -1.0], [0.0, 1.0, 0.0]]}
