{"scale": [[0.28757956624031067, 0.0, 0.0], [0.0, 0.28757956624031067, 0.0], [0.0, 0.0, 0.28757956624031067]], "rot": [[1.0, 0.0, 0.0], [0.0, 0.0, -1.0], [0.0, 1.0, 0.0]]}
