{"scale": [[0.18130150437355042, 0.0, 0.0], [0.0, 0.18130150437355042, 0.0], [0.0, 0.0, 0.18130150437355042]], "rot": [[1.0, 0.0, 0.0], [0.0, 0.0, -1.0], [0.0, 1.0, 0.0]]}
