{"scale": [[0.1788979172706604, 0.0, 0.0], [0.0, 0.1788979172706604, 0.0], [0.0, 0.0, 0.1788979172706604]], "rot": [[1.0, 0.0, 0.0], [0.0, 0.0, -1.0], [0.0, 1.0, 0.0]]}
