{"scale": [[0.16077177226543427, 0.0, 0.0], [0.0, 0.16077177226543427, 0.0], [0.0, 0.0, 0.16077177226543427]], "rot": [[1.0, 0.0, 0.0], [0.0, 0.0, -1.0], [0.0, 1.0, 0.0]]}
