{"scale": [[0.21426288783550262, 0.0, 0.0], [0.0, 0.21426288783550262, 0.0], [0.0, 0.0, 0.21426288783550262]], "rot": [[1.0, 0.0, 0.0], [0.0, 0.0, -1.0], [0.0, 1.0, 0.0]]}
