{"scale": [[0.14776593446731567, 0.0, 0.0], [0.0, 0.14776593446731567, 0.0], [0.0, 0.0, 0.14776593446731567]], "rot": [[1.0, 0.0, 0.0], [0.0, 0.0, -1.0], [0.0, 1.0, 0.0]]}
