{"scale": [[0.15546280145645142, 0.0, 0.0], [0.0, 0.15546280145645142, 0.0], [0.0, 0.0, 0.15546280145645142]], "rot": [[1.0, 0.0, 0.0], [0.0, 0.0, -1.0], [0.0, 1.0, 0.0]]}
