{"scale": [[0.22282955050468445, 0.0, 0.0], [0.0, 0.22282955050468445, 0.0], [0.0, 0.0, 0.22282955050468445]], "rot": [[1.0, 0.0, 0.0], [0.0, 0.0, -1.0], [0.0, 1.0, 0.0]]}
