{"scale": [[0.16561652719974518, 0.0, 0.0], [0.0, 0.16561652719974518, 0.0], [0.0, 0.0, 0.16561652719974518]], "rot": [[1.0, 0.0, 0.0], [0.0, 0.0, -1.0], [0.0, 1.0, 0.0]]}
