{"scale": [[0.1669313907623291, 0.0, 0.0], [0.0, 0.1669313907623291, 0.0], [0.0, 0.0, 0.1669313907623291]], "rot": [[1.0, 0.0, 0.0], [0.0, 0.0, -1.0], [0.0, 1.0, 0.0]]}
