{"scale": [[0.27945542335510254, 0.0, 0.0], [0.0, 0.27945542335510254, 0.0], [0.0, 0.0, 0.27945542335510254]], "rot": [[1.0, 0.0, 0.0], [0.0, 0.0, -1.0], [0.0, 1.0, 0.0]]}
