{"scale": [[0.2912355959415436, 0.0, 0.0], [0.0, 0.2912355959415436, 0.0], [0.0, 0.0, 0.2912355959415436]], "rot": [[1.0, 0.0, 0.0], [0.0, 0.0, -1.0], [0.0, 1.0, 0.0]]}
