{"scale": [[0.22770869731903076, 0.0, 0.0], [0.0, 0.22770869731903076, 0.0], [0.0, 0.0, 0.22770869731903076]], "rot": [[1.0, 0.0, 0.0], [0.0, 0.0, -1.0], [0.0, 1.0, 0.0]]}
