{"scale": [[0.22499679028987885, 0.0, 0.0], [0.0, 0.22499679028987885, 0.0], [0.0, 0.0, 0.22499679028987885]], "rot": [[1.0, 0.0, 0.0], [0.0, 0.0, -1.0], [0.0, 1.0, 0.0]]}
