{"scale": [[0.18401256203651428, 0.0, 0.0], [0.0, 0.18401256203651428, 0.0], [0.0, 0.0, 0.18401256203651428]], "rot": [[1.0, 0.0, 0.0], [0.0, 0.0, -1.0], [0.0, 1.0, 0.0]]}
