{"scale": [[0.16471761465072632, 0.0, 0.0], [0.0, 0.16471761465072632, 0.0], [0.0, 0.0, 0.16471761465072632]], "rot": [[1.0, 0.0, 0.0], [0.0, 0.0, -1.0], [0.0, 1.0, 0.0]]}
