{"scale": [[0.170689657330513, 0.0, 0.0], [0.0, 0.170689657330513, 0.0], [0.0, 0.0, 0.170689657330513]], "rot": [[1.0, 0.0, 0.0], [0.0, 0.0, -1.0], [0.0, 1.0, 0.0]]}
