{"scale": [[0.29928892850875854, 0.0, 0.0], [0.0, 0.29928892850875854, 0.0], [0.0, 0.0, 0.29928892850875854]], "rot": [[1.0, 0.0, 0.0], [0.0, 0.0, -1.0], [0.0, 1.0, 0.0]]}
