{"scale": [[0.21004246175289154, 0.0, 0.0], [0.0, 0.21004246175289154, 0.0], [0.0, 0.0, 0.21004246175289154]], "rot": [[1.0, 0.0, 0.0], [0.0, 0.0, -1.0], [0.0, 1.0, 0.0]]}
