{"scale": [[0.23755666613578796, 0.0, 0.0], [0.0, 0.23755666613578796, 0.0], [0.0, 0.0, 0.23755666613578796]], "rot": [[1.0, 0.0, 0.0], [0.0, 0.0, -1.0], [0.0, 1.0, 0.0]]}
