{"scale": [[0.25538167357444763, 0.0, 0.0], [0.0, 0.25538167357444763, 0.0], [0.0, 0.0, 0.25538167357444763]], "rot": [[1.0, 0.0, 0.0], [0.0, 0.0, -1.0], [0.0, 1.0, 0.0]]}
