{"scale": [[0.25540435314178467, 0.0, 0.0], [0.0, 0.25540435314178467, 0.0], [0.0, 0.0, 0.25540435314178467]], "rot": [[1.0, 0.0, 0.0], [0.0, 0.0, -1.0], [0.0, 1.0, 0.0]]}
