{"scale": [[0.17871439456939697, 0.0, 0.0], [0.0, 0.17871439456939697, 0.0], [0.0, 0.0, 0.17871439456939697]], "rot": [[1.0, 0.0, 0.0], [0.0, 0.0, -1.0], [0.0, 1.0, 0.0]]}
