{"scale": [[0.2465212494134903, 0.0, 0.0], [0.0, 0.2465212494134903, 0.0], [0.0, 0.0, 0.2465212494134903]], "rot": [[1.0, 0.0, 0.0], [0.0, 0.0, -1.0], [0.0, 1.0, 0.0]]}
