{"scale": [[0.2360944151878357, 0.0, 0.0], [0.0, 0.2360944151878357, 0.0], [0.0, 0.0, 0.2360944151878357]], "rot": [[1.0, 0.0, 0.0], [0.0, 0.0, -1.0], [0.0, 1.0, 0.0]]}
