{"scale": [[0.14849458634853363, 0.0, 0.0], [0.0, 0.14849458634853363, 0.0], [0.0, 0.0, 0.14849458634853363]], "rot": [[1.0, 0.0, 0.0], [0.0, 0.0, -1.0], [0.0, 1.0, 0.0]]}
