{"scale": [[0.16323642432689667, 0.0, 0.0], [0.0, 0.16323642432689667, 0.0], [0.0, 0.0, 0.16323642432689667]], "rot": [[1.0, 0.0, 0.0], [0.0, 0.0, -1.0], [0.0, 1.0, 0.0]]}
