{"scale": [[0.1654241532087326, 0.0, 0.0], [0.0, 0.1654241532087326, 0.0], [0.0, 0.0, 0.1654241532087326]], "rot": [[1.0, 0.0, 0.0], [0.0, 0.0, -1.0], [0.0, 1.0, 0.0]]}
