{"scale": [[0.21676433086395264, 0.0, 0.0], [0.0, 0.21676433086395264, 0.0], [0.0, 0.0, 0.21676433086395264]], "rot": [[1.0, 0.0, 0.0], [0.0, 0.0, -1.0], [0.0, 1.0, 0.0]]}
