{"scale": [[0.23420479893684387, 0.0, 0.0], [0.0, 0.23420479893684387, 0.0], [0.0, 0.0, 0.23420479893684387]], "rot": [[1.0, 0.0, 0.0], [0.0, 0.0, -1.0], [0.0, 1.0, 0.0]]}
