{"scale": [[0.15394997596740723, 0.0, 0.0], [0.0, 0.15394997596740723, 0.0], [0.0, 0.0, 0.15394997596740723]], "rot": [[1.0, 0.0, 0.0], [0.0, 0.0, -1.0], [0.0, 1.0, 0.0]]}
