{"scale": [[0.26295205950737, 0.0, 0.0], [0.0, 0.26295205950737, 0.0], [0.0, 0.0, 0.26295205950737]], "rot": [[1.0, 0.0, 0.0], [0.0, 0.0, -1.0], [0.0, 1.0, 0.0]]}
