{"scale": [[0.3047494888305664, 0.0, 0.0], [0.0, 0.3047494888305664, 0.0], [0.0, 0.0, 0.3047494888305664]], "rot": [[1.0, 0.0, 0.0], [0.0, 0.0, -1.0], [0.0, 1.0, 0.0]]}
