{"scale": [[0.1548408567905426, 0.0, 0.0], [0.0, 0.1548408567905426, 0.0], [0.0, 0.0, 0.1548408567905426]], "rot": [[1.0, 0.0, 0.0], [0.0, 0.0, -1.0], [0.0, 1.0, 0.0]]}
