{"scale": [[0.2426123470067978, 0.0, 0.0], [0.0, 0.2426123470067978, 0.0], [0.0, 0.0, 0.2426123470067978]], "rot": [[1.0, 0.0, 0.0], [0.0, 0.0, -1.0], [0.0, 1.0, 0.0]]}
