{"scale": [[0.17397749423980713, 0.0, 0.0], [0.0, 0.17397749423980713, 0.0], [0.0, 0.0, 0.17397749423980713]], "rot": [[1.0, 0.0, 0.0], [0.0, 0.0, -1.0], [0.0, 1.0, 0.0]]}
