{"scale": [[0.1622576266527176, 0.0, 0.0], [0.0, 0.1622576266527176, 0.0], [0.0, 0.0, 0.1622576266527176]], "rot": [[1.0, 0.0, 0.0], [0.0, 0.0, -1.0], [0.0, 1.0, 0.0]]}
