{"scale": [[0.16720761358737946, 0.0, 0.0], [0.0, 0.16720761358737946, 0.0], [0.0, 0.0, 0.16720761358737946]], "rot": [[1.0, 0.0, 0.0], [0.0, 0.0, -1.0], [0.0, 1.0, 0.0]]}
