{"scale": [[0.25689056515693665, 0.0, 0.0], [0.0, 0.25689056515693665, 0.0], [0.0, 0.0, 0.25689056515693665]], "rot": [[1.0, 0.0, 0.0], [0.0, 0.0, -1.0], [0.0, 1.0, 0.0]]}
