{"scale": [[0.29853561520576477, 0.0, 0.0], [0.0, 0.29853561520576477, 0.0], [0.0, 0.0, 0.29853561520576477]], "rot": [[1.0, 0.0, 0.0], [0.0, 0.0, -1.0], [0.0, 1.0, 0.0]]}
