{"scale": [[0.16941578686237335, 0.0, 0.0], [0.0, 0.16941578686237335, 0.0], [0.0, 0.0, 0.16941578686237335]], "rot": [[1.0, 0.0, 0.0], [0.0, 0.0, -1.0], [0.0, 1.0, 0.0]]}
