{"scale": [[0.22099809348583221, 0.0, 0.0], [0.0, 0.22099809348583221, 0.0], [0.0, 0.0, 0.22099809348583221]], "rot": [[1.0, 0.0, 0.0], [0.0, 0.0, -1.0], [0.0, 1.0, 0.0]]}
