{"scale": [[0.15122660994529724, 0.0, 0.0], [0.0, 0.15122660994529724, 0.0], [0.0, 0.0, 0.15122660994529724]], "rot": [[1.0, 0.0, 0.0], [0.0, 0.0, -1.0], [0.0, 1.0, 0.0]]}
