{"scale": [[0.17165207862854004, 0.0, 0.0], [0.0, 0.17165207862854004, 0.0], [0.0, 0.0, 0.17165207862854004]], "rot": [[1.0, 0.0, 0.0], [0.0, 0.0, -1.0], [0.0, 1.0, 0.0]]}
