{"scale": [[0.20964159071445465, 0.0, 0.0], [0.0, 0.20964159071445465, 0.0], [0.0, 0.0, 0.20964159071445465]], "rot": [[1.0, 0.0, 0.0], [0.0, 0.0, -1.0], [0.0, 1.0, 0.0]]}
