{"scale": [[0.24291718006134033, 0.0, 0.0], [0.0, 0.24291718006134033, 0.0], [0.0, 0.0, 0.24291718006134033]], "rot": [[1.0, 0.0, 0.0], [0.0, 0.0, -1.0], [0.0, 1.0, 0.0]]}
