{"scale": [[0.23088359832763672, 0.0, 0.0], [0.0, 0.23088359832763672, 0.0], [0.0, 0.0, 0.23088359832763672]], "rot": [[1.0, 0.0, 0.0], [0.0, 0.0, -1.0], [0.0, 1.0, 0.0]]}
