{"scale": [[0.2266063690185547, 0.0, 0.0], [0.0, 0.2266063690185547, 0.0], [0.0, 0.0, 0.2266063690185547]], "rot": [[1.0, 0.0, 0.0], [0.0, 0.0, -1.0], [0.0, 1.0, 0.0]]}
