{"scale": [[0.22666651010513306, 0.0, 0.0], [0.0, 0.22666651010513306, 0.0], [0.0, 0.0, 0.22666651010513306]], "rot": [[1.0, 0.0, 0.0], [0.0, 0.0, -1.0], [0.0, 1.0, 0.0]]}
