{"scale": [[0.16295772790908813, 0.0, 0.0], [0.0, 0.16295772790908813, 0.0], [0.0, 0.0, 0.16295772790908813]], "rot": [[1.0, 0.0, 0.0], [0.0, 0.0, -1.0], [0.0, 1.0, 0.0]]}
