{"scale": [[0.17854921519756317, 0.0, 0.0], [0.0, 0.17854921519756317, 0.0], [0.0, 0.0, 0.17854921519756317]], "rot": [[1.0, 0.0, 0.0], [0.0, 0.0, -1.0], [0.0, 1.0, 0.0]]}
