{"scale": [[0.1657852828502655, 0.0, 0.0], [0.0, 0.1657852828502655, 0.0], [0.0, 0.0, 0.1657852828502655]], "rot": [[1.0, 0.0, 0.0], [0.0, 0.0, -1.0], [0.0, 1.0, 0.0]]}
