{"scale": [[0.21195250749588013, 0.0, 0.0], [0.0, 0.21195250749588013, 0.0], [0.0, 0.0, 0.21195250749588013]], "rot": [[1.0, 0.0, 0.0], [0.0, 0.0, -1.0], [0.0, 1.0, 0.0]]}
