{"scale": [[0.20788855850696564, 0.0, 0.0], [0.0, 0.20788855850696564, 0.0], [0.0, 0.0, 0.20788855850696564]], "rot": [[1.0, 0.0, 0.0], [0.0, 0.0, -1.0], [0.0, 1.0, 0.0]]}
