{"scale": [[0.29127421975135803, 0.0, 0.0], [0.0, 0.29127421975135803, 0.0], [0.0, 0.0, 0.29127421975135803]], "rot": [[1.0, 0.0, 0.0], [0.0, 0.0, -1.0], [0.0, 1.0, 0.0]]}
