{"scale": [[0.17150935530662537, 0.0, 0.0], [0.0, 0.17150935530662537, 0.0], [0.0, 0.0, 0.17150935530662537]], "rot": [[1.0, 0.0, 0.0], [0.0, 0.0, -1.0], [0.0, 1.0, 0.0]]}
