{"scale": [[0.2536065876483917, 0.0, 0.0], [0.0, 0.2536065876483917, 0.0], [0.0, 0.0, 0.2536065876483917]], "rot": [[1.0, 0.0, 0.0], [0.0, 0.0, -1.0], [0.0, 1.0, 0.0]]}
