{"scale": [[0.22030803561210632, 0.0, 0.0], [0.0, 0.22030803561210632, 0.0], [0.0, 0.0, 0.22030803561210632]], "rot": [[1.0, 0.0, 0.0], [0.0, 0.0, -1.0], [0.0, 1.0, 0.0]]}
