{"scale": [[0.1658194363117218, 0.0, 0.0], [0.0, 0.1658194363117218, 0.0], [0.0, 0.0, 0.1658194363117218]], "rot": [[1.0, 0.0, 0.0], [0.0, 0.0, -1.0], [0.0, 1.0, 0.0]]}
