{"scale": [[0.29468095302581787, 0.0, 0.0], [0.0, 0.29468095302581787, 0.0], [0.0, 0.0, 0.29468095302581787]], "rot": [[1.0, 0.0, 0.0], [0.0, 0.0, -1.0], [0.0, 1.0, 0.0]]}
