{"scale": [[0.1439809650182724, 0.0, 0.0], [0.0, 0.1439809650182724, 0.0], [0.0, 0.0, 0.1439809650182724]], "rot": [[1.0, 0.0, 0.0], [0.0, 0.0, -1.0], [0.0, 1.0, 0.0]]}
