{"scale": [[0.29479050636291504, 0.0, 0.0], [0.0, 0.29479050636291504, 0.0], [0.0, 0.0, 0.29479050636291504]], "rot": [[1.0, 0.0, 0.0], [0.0, 0.0, -1.0], [0.0, 1.0, 0.0]]}
