{"scale": [[0.15191176533699036, 0.0, 0.0], [0.0, 0.15191176533699036, 0.0], [0.0, 0.0, 0.15191176533699036]], "rot": [[1.0, 0.0, 0.0], [0.0, 0.0, -1.0], [0.0, 1.0, 0.0]]}
