{"scale": [[0.23210501670837402, 0.0, 0.0], [0.0, 0.23210501670837402, 0.0], [0.0, 0.0, 0.23210501670837402]], "rot": [[1.0, 0.0, 0.0], [0.0, 0.0, -1.0], [0.0, 1.0, 0.0]]}
