{"scale": [[0.21919777989387512, 0.0, 0.0], [0.0, 0.21919777989387512, 0.0], [0.0, 0.0, 0.21919777989387512]], "rot": [[1.0, 0.0, 0.0], [0.0, 0.0, -1.0], [0.0, 1.0, 0.0]]}
