{"scale": [[0.15471608936786652, 0.0, 0.0], [0.0, 0.15471608936786652, 0.0], [0.0, 0.0, 0.15471608936786652]], "rot": [[1.0, 0.0, 0.0], [0.0, 0.0, -1.0], [0.0, 1.0, 0.0]]}
