{"scale": [[0.1838107705116272, 0.0, 0.0], [0.0, 0.1838107705116272, 0.0], [0.0, 0.0, 0.1838107705116272]], "rot": [[1.0, 0.0, 0.0], [0.0, 0.0, -1.0], [0.0, 1.0, 0.0]]}
