{"scale": [[0.1516721248626709, 0.0, 0.0], [0.0, 0.1516721248626709, 0.0], [0.0, 0.0, 0.1516721248626709]], "rot": [[1.0, 0.0, 0.0], [0.0, 0.0, -1.0], [0.0, 1.0, 0.0]]}
