{"scale": [[0.20334050059318542, 0.0, 0.0], [0.0, 0.20334050059318542, 0.0], [0.0, 0.0, 0.20334050059318542]], "rot": [[1.0, 0.0, 0.0], [0.0, 0.0, -1.0], [0.0, 1.0, 0.0]]}
