{"scale": [[0.17665047943592072, 0.0, 0.0], [0.0, 0.17665047943592072, 0.0], [0.0, 0.0, 0.17665047943592072]], "rot": [[1.0, 0.0, 0.0], [0.0, 0.0, -1.0], [0.0, 1.0, 0.0]]}
