{"scale": [[0.2903408706188202, 0.0, 0.0], [0.0, 0.2903408706188202, 0.0], [0.0, 0.0, 0.2903408706188202]], "rot": [[1.0, 0.0, 0.0], [0.0, 0.0, -1.0], [0.0, 1.0, 0.0]]}
