{"scale": [[0.21191778779029846, 0.0, 0.0], [0.0, 0.21191778779029846, 0.0], [0.0, 0.0, 0.21191778779029846]], "rot": [[1.0, 0.0, 0.0], [0.0, 0.0, -1.0], [0.0, 1.0, 0.0]]}
