{"scale": [[0.2286008596420288, 0.0, 0.0], [0.0, 0.2286008596420288, 0.0], [0.0, 0.0, 0.2286008596420288]], "rot": [[1.0, 0.0, 0.0], [0.0, 0.0, -1.0], [0.0, 1.0, 0.0]]}
