{"scale": [[0.2363162338733673, 0.0, 0.0], [0.0, 0.2363162338733673, 0.0], [0.0, 0.0, 0.2363162338733673]], "rot": [[1.0, 0.0, 0.0], [0.0, 0.0, -1.0], [0.0, 1.0, 0.0]]}
