{"scale": [[0.2130340337753296, 0.0, 0.0], [0.0, 0.2130340337753296, 0.0], [0.0, 0.0, 0.2130340337753296]], "rot": [[1.0, 0.0, 0.0], [0.0, 0.0, -1.0], [0.0, 1.0, 0.0]]}
