{"scale": [[0.2663019299507141, 0.0, 0.0], [0.0, 0.2663019299507141, 0.0], [0.0, 0.0, 0.2663019299507141]], "rot": [[1.0, 0.0, 0.0], [0.0, 0.0, -1.0], [0.0, 1.0, 0.0]]}
