{"scale": [[0.2275111973285675, 0.0, 0.0], [0.0, 0.2275111973285675, 0.0], [0.0, 0.0, 0.2275111973285675]], "rot": [[1.0, 0.0, 0.0], [0.0, 0.0, -1.0], [0.0, 1.0, 0.0]]}
