{"scale": [[0.16813793778419495, 0.0, 0.0], [0.0, 0.16813793778419495, 0.0], [0.0, 0.0, 0.16813793778419495]], "rot": [[1.0, 0.0, 0.0], [0.0, 0.0, -1.0], [0.0, 1.0, 0.0]]}
