{"scale": [[0.20948776602745056, 0.0, 0.0], [0.0, 0.20948776602745056, 0.0], [0.0, 0.0, 0.20948776602745056]], "rot": [[1.0, 0.0, 0.0], [0.0, 0.0, -1.0], [0.0, 1.0, 0.0]]}
