{"scale": [[0.2894763946533203, 0.0, 0.0], [0.0, 0.2894763946533203, 0.0], [0.0, 0.0, 0.2894763946533203]], "rot": [[1.0, 0.0, 0.0], [0.0, 0.0, -1.0], [0.0, 1.0, 0.0]]}
