{"scale": [[0.2131086140871048, 0.0, 0.0], [0.0, 0.2131086140871048, 0.0], [0.0, 0.0, 0.2131086140871048]], "rot": [[1.0, 0.0, 0.0], [0.0, 0.0, -1.0], [0.0, 1.0, 0.0]]}
