{"scale": [[0.21593883633613586, 0.0, 0.0], [0.0, 0.21593883633613586, 0.0], [0.0, 0.0, 0.21593883633613586]], "rot": [[1.0, 0.0, 0.0], [0.0, 0.0, -1.0], [0.0, 1.0, 0.0]]}
