{"scale": [[0.2238786667585373, 0.0, 0.0], [0.0, 0.2238786667585373, 0.0], [0.0, 0.0, 0.2238786667585373]], "rot": [[1.0, 0.0, 0.0], [0.0, 0.0, -1.0], [0.0, 1.0, 0.0]]}
