{"scale": [[0.17552132904529572, 0.0, 0.0], [0.0, 0.17552132904529572, 0.0], [0.0, 0.0, 0.17552132904529572]], "rot": [[1.0, 0.0, 0.0], [0.0, 0.0, -1.0], [0.0, 1.0, 0.0]]}
