{"scale": [[0.17570362985134125, 0.0, 0.0], [0.0, 0.17570362985134125, 0.0], [0.0, 0.0, 0.17570362985134125]], "rot": [[1.0, 0.0, 0.0], [0.0, 0.0, -1.0], [0.0, 1.0, 0.0]]}
