{"scale": [[0.15339688956737518, 0.0, 0.0], [0.0, 0.15339688956737518, 0.0], [0.0, 0.0, 0.15339688956737518]], "rot": [[1.0, 0.0, 0.0], [0.0, 0.0, -1.0], [0.0, 1.0, 0.0]]}
