{"scale": [[0.296889990568161, 0.0, 0.0], [0.0, 0.296889990568161, 0.0], [0.0, 0.0, 0.296889990568161]], "rot": [[1.0, 0.0, 0.0], [0.0, 0.0, -1.0], [0.0, 1.0, 0.0]]}
