{"scale": [[0.13808700442314148, 0.0, 0.0], [0.0, 0.13808700442314148, 0.0], [0.0, 0.0, 0.13808700442314148]], "rot": [[1.0, 0.0, 0.0], [0.0, 0.0, -1.0], [0.0, 1.0, 0.0]]}
