{"scale": [[0.1545284539461136, 0.0, 0.0], [0.0, 0.1545284539461136, 0.0], [0.0, 0.0, 0.1545284539461136]], "rot": [[1.0, 0.0, 0.0], [0.0, 0.0, -1.0], [0.0, 1.0, 0.0]]}
