{"scale": [[0.20483247935771942, 0.0, 0.0], [0.0, 0.20483247935771942, 0.0], [0.0, 0.0, 0.20483247935771942]], "rot": [[1.0, 0.0, 0.0], [0.0, 0.0, -1.0], [0.0, 1.0, 0.0]]}
