{"scale": [[0.22454392910003662, 0.0, 0.0], [0.0, 0.22454392910003662, 0.0], [0.0, 0.0, 0.22454392910003662]], "rot": [[1.0, 0.0, 0.0], [0.0, 0.0, -1.0], [0.0, 1.0, 0.0]]}
