{"scale": [[0.23249877989292145, 0.0, 0.0], [0.0, 0.23249877989292145, 0.0], [0.0, 0.0, 0.23249877989292145]], "rot": [[1.0, 0.0, 0.0], [0.0, 0.0, -1.0], [0.0, 1.0, 0.0]]}
