{"scale": [[0.15136834979057312, 0.0, 0.0], [0.0, 0.15136834979057312, 0.0], [0.0, 0.0, 0.15136834979057312]], "rot": [[1.0, 0.0, 0.0], [0.0, 0.0, -1.0], [0.0, 1.0, 0.0]]}
