{"scale": [[0.2350274920463562, 0.0, 0.0], [0.0, 0.2350274920463562, 0.0], [0.0, 0.0, 0.2350274920463562]], "rot": [[1.0, 0.0, 0.0], [0.0, 0.0, -1.0], [0.0, 1.0, 0.0]]}
