{"scale": [[0.18283316493034363, 0.0, 0.0], [0.0, 0.18283316493034363, 0.0], [0.0, 0.0, 0.18283316493034363]], "rot": [[1.0, 0.0, 0.0], [0.0, 0.0, -1.0], [0.0, 1.0, 0.0]]}
