{"scale": [[0.20589934289455414, 0.0, 0.0], [0.0, 0.20589934289455414, 0.0], [0.0, 0.0, 0.20589934289455414]], "rot": [[1.0, 0.0, 0.0], [0.0, 0.0, -1.0], [0.0, 1.0, 0.0]]}
