{"scale": [[0.14660988748073578, 0.0, 0.0], [0.0, 0.14660988748073578, 0.0], [0.0, 0.0, 0.14660988748073578]], "rot": [[1.0, 0.0, 0.0], [0.0, 0.0, -1.0], [0.0, 1.0, 0.0]]}
