{"scale": [[0.15671660006046295, 0.0, 0.0], [0.0, 0.15671660006046295, 0.0], [0.0, 0.0, 0.15671660006046295]], "rot": [[1.0, 0.0, 0.0], [0.0, 0.0, -1.0], [0.0, 1.0, 0.0]]}
