{"scale": [[0.14905999600887299, 0.0, 0.0], [0.0, 0.14905999600887299, 0.0], [0.0, 0.0, 0.14905999600887299]], "rot": [[1.0, 0.0, 0.0], [0.0, 0.0, -1.0], [0.0, 1.0, 0.0]]}
