{"scale": [[0.13776086270809174, 0.0, 0.0], [0.0, 0.13776086270809174, 0.0], [0.0, 0.0, 0.13776086270809174]], "rot": [[1.0, 0.0, 0.0], [0.0, 0.0, -1.0], [0.0, 1.0, 0.0]]}
