{"scale": [[0.2197275310754776, 0.0, 0.0], [0.0, 0.2197275310754776, 0.0], [0.0, 0.0, 0.2197275310754776]], "rot": [[1.0, 0.0, 0.0], [0.0, 0.0, -1.0], [0.0, 1.0, 0.0]]}
