{"scale": [[0.1639036387205124, 0.0, 0.0], [0.0, 0.1639036387205124, 0.0], [0.0, 0.0, 0.1639036387205124]], "rot": [[1.0, 0.0, 0.0], [0.0, 0.0, -1.0], [0.0, 1.0, 0.0]]}
