{"scale": [[0.14822043478488922, 0.0, 0.0], [0.0, 0.14822043478488922, 0.0], [0.0, 0.0, 0.14822043478488922]], "rot": [[1.0, 0.0, 0.0], [0.0, 0.0, -1.0], [0.0, 1.0, 0.0]]}
