{"scale": [[0.21554946899414062, 0.0, 0.0], [0.0, 0.21554946899414062, 0.0], [0.0, 0.0, 0.21554946899414062]], "rot": [[1.0, 0.0, 0.0], [0.0, 0.0, -1.0], [0.0, 1.0, 0.0]]}
