{"scale": [[0.21519163250923157, 0.0, 0.0], [0.0, 0.21519163250923157, 0.0], [0.0, 0.0, 0.21519163250923157]], "rot": [[1.0, 0.0, 0.0], [0.0, 0.0, -1.0], [0.0, 1.0, 0.0]]}
