{"scale": [[0.17537693679332733, 0.0, 0.0], [0.0, 0.17537693679332733, 0.0], [0.0, 0.0, 0.17537693679332733]], "rot": [[1.0, 0.0, 0.0], [0.0, 0.0, -1.0], [0.0, 1.0, 0.0]]}
