{"scale": [[0.2663193941116333, 0.0, 0.0], [0.0, 0.2663193941116333, 0.0], [0.0, 0.0, 0.2663193941116333]], "rot": [[1.0, 0.0, 0.0], [0.0, 0.0, -1.0], [0.0, 1.0, 0.0]]}
