{"scale": [[0.14756257832050323, 0.0, 0.0], [0.0, 0.14756257832050323, 0.0], [0.0, 0.0, 0.14756257832050323]], "rot": [[1.0, 0.0, 0.0], [0.0, 0.0, -1.0], [0.0, 1.0, 0.0]]}
