{"scale": [[0.26828134059906006, 0.0, 0.0], [0.0, 0.26828134059906006, 0.0], [0.0, 0.0, 0.26828134059906006]], "rot": [[1.0, 0.0, 0.0], [0.0, 0.0, -1.0], [0.0, 1.0, 0.0]]}
