{"scale": [[0.154307022690773, 0.0, 0.0], [0.0, 0.154307022690773, 0.0], [0.0, 0.0, 0.154307022690773]], "rot": [[1.0, 0.0, 0.0], [0.0, 0.0, -1.0], [0.0, 1.0, 0.0]]}
