{"scale": [[0.2670004069805145, 0.0, 0.0], [0.0, 0.2670004069805145, 0.0], [0.0, 0.0, 0.2670004069805145]], "rot": [[1.0, 0.0, 0.0], [0.0, 0.0, -1.0], [0.0, 1.0, 0.0]]}
