{"scale": [[0.27564749121665955, 0.0, 0.0], [0.0, 0.27564749121665955, 0.0], [0.0, 0.0, 0.27564749121665955]], "rot": [[1.0, 0.0, 0.0], [0.0, 0.0, -1.0], [0.0, 1.0, 0.0]]}
