{"scale": [[0.17376954853534698, 0.0, 0.0], [0.0, 0.17376954853534698, 0.0], [0.0, 0.0, 0.17376954853534698]], "rot": [[1.0, 0.0, 0.0], [0.0, 0.0, -1.0], [0.0, 1.0, 0.0]]}
