{"scale": [[0.1652039736509323, 0.0, 0.0], [0.0, 0.1652039736509323, 0.0], [0.0, 0.0, 0.1652039736509323]], "rot": [[1.0, 0.0, 0.0], [0.0, 0.0, -1.0], [0.0, 1.0, 0.0]]}
