{"scale": [[0.1606454998254776, 0.0, 0.0], [0.0, 0.1606454998254776, 0.0], [0.0, 0.0, 0.1606454998254776]], "rot": [[1.0, 0.0, 0.0], [0.0, 0.0, -1.0], [0.0, 1.0, 0.0]]}
