{"scale": [[0.14758501946926117, 0.0, 0.0], [0.0, 0.14758501946926117, 0.0], [0.0, 0.0, 0.14758501946926117]], "rot": [[1.0, 0.0, 0.0], [0.0, 0.0, -1.0], [0.0, 1.0, 0.0]]}
