{"scale": [[0.1808622181415558, 0.0, 0.0], [0.0, 0.1808622181415558, 0.0], [0.0, 0.0, 0.1808622181415558]], "rot": [[1.0, 0.0, 0.0], [0.0, 0.0, -1.0], [0.0, 1.0, 0.0]]}
