{"scale": [[0.16672125458717346, 0.0, 0.0], [0.0, 0.16672125458717346, 0.0], [0.0, 0.0, 0.16672125458717346]], "rot": [[1.0, 0.0, 0.0], [0.0, 0.0, -1.0], [0.0, 1.0, 0.0]]}
