{"scale": [[0.16612926125526428, 0.0, 0.0], [0.0, 0.16612926125526428, 0.0], [0.0, 0.0, 0.16612926125526428]], "rot": [[1.0, 0.0, 0.0], [0.0, 0.0, -1.0], [0.0, 1.0, 0.0]]}
