{"scale": [[0.15267086029052734, 0.0, 0.0], [0.0, 0.15267086029052734, 0.0], [0.0, 0.0, 0.15267086029052734]], "rot": [[1.0, 0.0, 0.0], [0.0, 0.0, -1.0], [0.0, 1.0, 0.0]]}
