{"scale": [[0.1658918559551239, 0.0, 0.0], [0.0, 0.1658918559551239, 0.0], [0.0, 0.0, 0.1658918559551239]], "rot": [[1.0, 0.0, 0.0], [0.0, 0.0, -1.0], [0.0, 1.0, 0.0]]}
