{"scale": [[0.22910504043102264, 0.0, 0.0], [0.0, 0.22910504043102264, 0.0], [0.0, 0.0, 0.22910504043102264]], "rot": [[1.0, 0.0, 0.0], [0.0, 0.0, -1.0], [0.0, 1.0, 0.0]]}
