{"scale": [[0.1883862465620041, 0.0, 0.0], [0.0, 0.1883862465620041, 0.0], [0.0, 0.0, 0.1883862465620041]], "rot": [[1.0, 0.0, 0.0], [0.0, 0.0, -1.0], [0.0, 1.0, 0.0]]}
