{"scale": [[0.26218849420547485, 0.0, 0.0], [0.0, 0.26218849420547485, 0.0], [0.0, 0.0, 0.26218849420547485]], "rot": [[1.0, 0.0, 0.0], [0.0, 0.0, -1.0], [0.0, 1.0, 0.0]]}
