{"scale": [[0.24205580353736877, 0.0, 0.0], [0.0, 0.24205580353736877, 0.0], [0.0, 0.0, 0.24205580353736877]], "rot": [[1.0, 0.0, 0.0], [0.0, 0.0, -1.0], [0.0, 1.0, 0.0]]}
