{"scale": [[0.17773449420928955, 0.0, 0.0], [0.0, 0.17773449420928955, 0.0], [0.0, 0.0, 0.17773449420928955]], "rot": [[1.0, 0.0, 0.0], [0.0, 0.0, -1.0], [0.0, 1.0, 0.0]]}
