{"scale": [[0.1947551965713501, 0.0, 0.0], [0.0, 0.1947551965713501, 0.0], [0.0, 0.0, 0.1947551965713501]], "rot": [[1.0, 0.0, 0.0], [0.0, 0.0, -1.0], [0.0, 1.0, 0.0]]}
