{"scale": [[0.2959415316581726, 0.0, 0.0], [0.0, 0.2959415316581726, 0.0], [0.0, 0.0, 0.2959415316581726]], "rot": [[1.0, 0.0, 0.0], [0.0, 0.0, -1.0], [0.0, 1.0, 0.0]]}
