{"scale": [[0.2139655351638794, 0.0, 0.0], [0.0, 0.2139655351638794, 0.0], [0.0, 0.0, 0.2139655351638794]], "rot": [[1.0, 0.0, 0.0], [0.0, 0.0, -1.0], [0.0, 1.0, 0.0]]}
