{"scale": [[0.1664990931749344, 0.0, 0.0], [0.0, 0.1664990931749344, 0.0], [0.0, 0.0, 0.1664990931749344]], "rot": [[1.0, 0.0, 0.0], [0.0, 0.0, -1.0], [0.0, 1.0, 0.0]]}
