{"scale": [[0.27970412373542786, 0.0, 0.0], [0.0, 0.27970412373542786, 0.0], [0.0, 0.0, 0.27970412373542786]], "rot": [[1.0, 0.0, 0.0], [0.0, 0.0, -1.0], [0.0, 1.0, 0.0]]}
