{"scale": [[0.16009055078029633, 0.0, 0.0], [0.0, 0.16009055078029633, 0.0], [0.0, 0.0, 0.16009055078029633]], "rot": [[1.0, 0.0, 0.0], [0.0, 0.0, -1.0], [0.0, 1.0, 0.0]]}
