{"scale": [[0.1675082892179489, 0.0, 0.0], [0.0, 0.1675082892179489, 0.0], [0.0, 0.0, 0.1675082892179489]], "rot": [[1.0, 0.0, 0.0], [0.0, 0.0, -1.0], [0.0, 1.0, 0.0]]}
