{"scale": [[0.22939099371433258, 0.0, 0.0], [0.0, 0.22939099371433258, 0.0], [0.0, 0.0, 0.22939099371433258]], "rot": [[1.0, 0.0, 0.0], [0.0, 0.0, -1.0], [0.0, 1.0, 0.0]]}
