{"scale": [[0.14949950575828552, 0.0, 0.0], [0.0, 0.14949950575828552, 0.0], [0.0, 0.0, 0.14949950575828552]], "rot": [[1.0, 0.0, 0.0], [0.0, 0.0, -1.0], [0.0, 1.0, 0.0]]}
