{"scale": [[0.22365540266036987, 0.0, 0.0], [0.0, 0.22365540266036987, 0.0], [0.0, 0.0, 0.22365540266036987]], "rot": [[1.0, 0.0, 0.0], [0.0, 0.0, -1.0], [0.0, 1.0, 0.0]]}
