{"scale": [[0.23277956247329712, 0.0, 0.0], [0.0, 0.23277956247329712, 0.0], [0.0, 0.0, 0.23277956247329712]], "rot": [[1.0, 0.0, 0.0], [0.0, 0.0, -1.0], [0.0, 1.0, 0.0]]}
