{"scale": [[0.22721855342388153, 0.0, 0.0], [0.0, 0.22721855342388153, 0.0], [0.0, 0.0, 0.22721855342388153]], "rot": [[1.0, 0.0, 0.0], [0.0, 0.0, -1.0], [0.0, 1.0, 0.0]]}
