{"scale": [[0.14422854781150818, 0.0, 0.0], [0.0, 0.14422854781150818, 0.0], [0.0, 0.0, 0.14422854781150818]], "rot": [[1.0, 0.0, 0.0], [0.0, 0.0, -1.0], [0.0, 1.0, 0.0]]}
