{"scale": [[0.27825236320495605, 0.0, 0.0], [0.0, 0.27825236320495605, 0.0], [0.0, 0.0, 0.27825236320495605]], "rot": [[1.0, 0.0, 0.0], [0.0, 0.0, -1.0], [0.0, 1.0, 0.0]]}
