{"scale": [[0.15239974856376648, 0.0, 0.0], [0.0, 0.15239974856376648, 0.0], [0.0, 0.0, 0.15239974856376648]], "rot": [[1.0, 0.0, 0.0], [0.0, 0.0, -1.0], [0.0, 1.0, 0.0]]}
