{"scale": [[0.1629885733127594, 0.0, 0.0], [0.0, 0.1629885733127594, 0.0], [0.0, 0.0, 0.1629885733127594]], "rot": [[1.0, 0.0, 0.0], [0.0, 0.0, -1.0], [0.0, 1.0, 0.0]]}
