{"scale": [[0.17383623123168945, 0.0, 0.0], [0.0, 0.17383623123168945, 0.0], [0.0, 0.0, 0.17383623123168945]], "rot": [[1.0, 0.0, 0.0], [0.0, 0.0, -1.0], [0.0, 1.0, 0.0]]}
