{"scale": [[0.20272845029830933, 0.0, 0.0], [0.0, 0.20272845029830933, 0.0], [0.0, 0.0, 0.20272845029830933]], "rot": [[1.0, 0.0, 0.0], [0.0, 0.0, -1.0], [0.0, 1.0, 0.0]]}
