{"scale": [[0.2567814290523529, 0.0, 0.0], [0.0, 0.2567814290523529, 0.0], [0.0, 0.0, 0.2567814290523529]], "rot": [[1.0, 0.0, 0.0], [0.0, 0.0, -1.0], [0.0, 1.0, 0.0]]}
