{"scale": [[0.2673346698284149, 0.0, 0.0], [0.0, 0.2673346698284149, 0.0], [0.0, 0.0, 0.2673346698284149]], "rot": [[1.0, 0.0, 0.0], [0.0, 0.0, -1.0], [0.0, 1.0, 0.0]]}
