{"scale": [[0.1281920075416565, 0.0, 0.0], [0.0, 0.1281920075416565, 0.0], [0.0, 0.0, 0.1281920075416565]], "rot": [[1.0, 0.0, 0.0], [0.0, 0.0, -1.0], [0.0, 1.0, 0.0]]}
