{"scale": [[0.2520727813243866, 0.0, 0.0], [0.0, 0.2520727813243866, 0.0], [0.0, 0.0, 0.2520727813243866]], "rot": [[1.0, 0.0, 0.0], [0.0, 0.0, -1.0], [0.0, 1.0, 0.0]]}
