{"scale": [[0.21720516681671143, 0.0, 0.0], [0.0, 0.21720516681671143, 0.0], [0.0, 0.0, 0.21720516681671143]], "rot": [[1.0, 0.0, 0.0], [0.0, 0.0, -1.0], [0.0, 1.0, 0.0]]}
