{"scale": [[0.26948070526123047, 0.0, 0.0], [0.0, 0.26948070526123047, 0.0], [0.0, 0.0, 0.26948070526123047]], "rot": [[1.0, 0.0, 0.0], [0.0, 0.0, -1.0], [0.0, 1.0, 0.0]]}
