{"scale": [[0.16482000052928925, 0.0, 0.0], [0.0, 0.16482000052928925, 0.0], [0.0, 0.0, 0.16482000052928925]], "rot": [[1.0, 0.0, 0.0], [0.0, 0.0, -1.0], [0.0, 1.0, 0.0]]}
