{"scale": [[0.20540417730808258, 0.0, 0.0], [0.0, 0.20540417730808258, 0.0], [0.0, 0.0, 0.20540417730808258]], "rot": [[1.0, 0.0, 0.0], [0.0, 0.0, -1.0], [0.0, 1.0, 0.0]]}
