{"scale": [[0.23538927733898163, 0.0, 0.0], [0.0, 0.23538927733898163, 0.0], [0.0, 0.0, 0.23538927733898163]], "rot": [[1.0, 0.0, 0.0], [0.0, 0.0, -1.0], [0.0, 1.0, 0.0]]}
