{"scale": [[0.26853618025779724, 0.0, 0.0], [0.0, 0.26853618025779724, 0.0], [0.0, 0.0, 0.26853618025779724]], "rot": [[1.0, 0.0, 0.0], [0.0, 0.0, -1.0], [0.0, 1.0, 0.0]]}
