{"scale": [[0.20918595790863037, 0.0, 0.0], [0.0, 0.20918595790863037, 0.0], [0.0, 0.0, 0.20918595790863037]], "rot": [[1.0, 0.0, 0.0], [0.0, 0.0, -1.0], [0.0, 1.0, 0.0]]}
