{"scale": [[0.30282244086265564, 0.0, 0.0], [0.0, 0.30282244086265564, 0.0], [0.0, 0.0, 0.30282244086265564]], "rot": [[1.0, 0.0, 0.0], [0.0, 0.0, -1.0], [0.0, 1.0, 0.0]]}
