{"scale": [[0.1340704709291458, 0.0, 0.0], [0.0, 0.1340704709291458, 0.0], [0.0, 0.0, 0.1340704709291458]], "rot": [[1.0, 0.0, 0.0], [0.0, 0.0, -1.0], [0.0, 1.0, 0.0]]}
