{"scale": [[0.14853700995445251, 0.0, 0.0], [0.0, 0.14853700995445251, 0.0], [0.0, 0.0, 0.14853700995445251]], "rot": [[1.0, 0.0, 0.0], [0.0, 0.0, -1.0], [0.0, 1.0, 0.0]]}
