{"scale": [[0.16317550837993622, 0.0, 0.0], [0.0, 0.16317550837993622, 0.0], [0.0, 0.0, 0.16317550837993622]], "rot": [[1.0, 0.0, 0.0], [0.0, 0.0, -1.0], [0.0, 1.0, 0.0]]}
