{"scale": [[0.18028061091899872, 0.0, 0.0], [0.0, 0.18028061091899872, 0.0], [0.0, 0.0, 0.18028061091899872]], "rot": [[1.0, 0.0, 0.0], [0.0, 0.0, -1.0], [0.0, 1.0, 0.0]]}
