{"scale": [[0.23813535273075104, 0.0, 0.0], [0.0, 0.23813535273075104, 0.0], [0.0, 0.0, 0.23813535273075104]], "rot": [[1.0, 0.0, 0.0], [0.0, 0.0, -1.0], [0.0, 1.0, 0.0]]}
