{"scale": [[0.26201921701431274, 0.0, 0.0], [0.0, 0.26201921701431274, 0.0], [0.0, 0.0, 0.26201921701431274]], "rot": [[1.0, 0.0, 0.0], [0.0, 0.0, -1.0], [0.0, 1.0, 0.0]]}
