{"scale": [[0.28599706292152405, 0.0, 0.0], [0.0, 0.28599706292152405, 0.0], [0.0, 0.0, 0.28599706292152405]], "rot": [[1.0, 0.0, 0.0], [0.0, 0.0, -1.0], [0.0, 1.0, 0.0]]}
