{"scale": [[0.24508778750896454, 0.0, 0.0], [0.0, 0.24508778750896454, 0.0], [0.0, 0.0, 0.24508778750896454]], "rot": [[1.0, 0.0, 0.0], [0.0, 0.0, -1.0], [0.0, 1.0, 0.0]]}
