{"scale": [[0.17021560668945312, 0.0, 0.0], [0.0, 0.17021560668945312, 0.0], [0.0, 0.0, 0.17021560668945312]], "rot": [[1.0, 0.0, 0.0], [0.0, 0.0, -1.0], [0.0, 1.0, 0.0]]}
