{"scale": [[0.20744672417640686, 0.0, 0.0], [0.0, 0.20744672417640686, 0.0], [0.0, 0.0, 0.20744672417640686]], "rot": [[1.0, 0.0, 0.0], [0.0, 0.0, -1.0], [0.0, 1.0, 0.0]]}
