{"scale": [[0.2797645032405853, 0.0, 0.0], [0.0, 0.2797645032405853, 0.0], [0.0, 0.0, 0.2797645032405853]], "rot": [[1.0, 0.0, 0.0], [0.0, 0.0, -1.0], [0.0, 1.0, 0.0]]}
