{"scale": [[0.22365878522396088, 0.0, 0.0], [0.0, 0.22365878522396088, 0.0], [0.0, 0.0, 0.22365878522396088]], "rot": [[1.0, 0.0, 0.0], [0.0, 0.0, -1.0], [0.0, 1.0, 0.0]]}
