{"scale": [[0.215657576918602, 0.0, 0.0], [0.0, 0.215657576918602, 0.0], [0.0, 0.0, 0.215657576918602]], "rot": [[1.0, 0.0, 0.0], [0.0, 0.0, -1.0], [0.0, 1.0, 0.0]]}
