{"scale": [[0.2215016782283783, 0.0, 0.0], [0.0, 0.2215016782283783, 0.0], [0.0, 0.0, 0.2215016782283783]], "rot": [[1.0, 0.0, 0.0], [0.0, 0.0, -1.0], [0.0, 1.0, 0.0]]}
