{"scale": [[0.17312975227832794, 0.0, 0.0], [0.0, 0.17312975227832794, 0.0], [0.0, 0.0, 0.17312975227832794]], "rot": [[1.0, 0.0, 0.0], [0.0, 0.0, -1.0], [0.0, 1.0, 0.0]]}
