{"scale": [[0.25412455201148987, 0.0, 0.0], [0.0, 0.25412455201148987, 0.0], [0.0, 0.0, 0.25412455201148987]], "rot": [[1.0, 0.0, 0.0], [0.0, 0.0, -1.0], [0.0, 1.0, 0.0]]}
