{"scale": [[0.23932521045207977, 0.0, 0.0], [0.0, 0.23932521045207977, 0.0], [0.0, 0.0, 0.23932521045207977]], "rot": [[1.0, 0.0, 0.0], [0.0, 0.0, -1.0], [0.0, 1.0, 0.0]]}
