{"scale": [[0.13977570831775665, 0.0, 0.0], [0.0, 0.13977570831775665, 0.0], [0.0, 0.0, 0.13977570831775665]], "rot": [[1.0, 0.0, 0.0], [0.0, 0.0, -1.0], [0.0, 1.0, 0.0]]}
