{"scale": [[0.20898586511611938, 0.0, 0.0], [0.0, 0.20898586511611938, 0.0], [0.0, 0.0, 0.20898586511611938]], "rot": [[1.0, 0.0, 0.0], [0.0, 0.0, -1.0], [0.0, 1.0, 0.0]]}
