{"scale": [[0.14687177538871765, 0.0, 0.0], [0.0, 0.14687177538871765, 0.0], [0.0, 0.0, 0.14687177538871765]], "rot": [[1.0, 0.0, 0.0], [0.0, 0.0, -1.0], [0.0, 1.0, 0.0]]}
