{"scale": [[0.2368074208498001, 0.0, 0.0], [0.0, 0.2368074208498001, 0.0], [0.0, 0.0, 0.2368074208498001]], "rot": [[1.0, 0.0, 0.0], [0.0, 0.0, -1.0], [0.0, 1.0, 0.0]]}
