{"scale": [[0.29493361711502075, 0.0, 0.0], [0.0, 0.29493361711502075, 0.0], [0.0, 0.0, 0.29493361711502075]], "rot": [[1.0, 0.0, 0.0], [0.0, 0.0, -1.0], [0.0, 1.0, 0.0]]}
