{"scale": [[0.24164330959320068, 0.0, 0.0], [0.0, 0.24164330959320068, 0.0], [0.0, 0.0, 0.24164330959320068]], "rot": [[1.0, 0.0, 0.0], [0.0, 0.0, -1.0], [0.0, 1.0, 0.0]]}
