{"scale": [[0.2232007384300232, 0.0, 0.0], [0.0, 0.2232007384300232, 0.0], [0.0, 0.0, 0.2232007384300232]], "rot": [[1.0, 0.0, 0.0], [0.0, 0.0, -1.0], [0.0, 1.0, 0.0]]}
