{"scale": [[0.14991427958011627, 0.0, 0.0], [0.0, 0.14991427958011627, 0.0], [0.0, 0.0, 0.14991427958011627]], "rot": [[1.0, 0.0, 0.0], [0.0, 0.0, -1.0], [0.0, 1.0, 0.0]]}
