{"scale": [[0.1474643498659134, 0.0, 0.0], [0.0, 0.1474643498659134, 0.0], [0.0, 0.0, 0.1474643498659134]], "rot": [[1.0, 0.0, 0.0], [0.0, 0.0, -1.0], [0.0, 1.0, 0.0]]}
