{"scale": [[0.29465973377227783, 0.0, 0.0], [0.0, 0.29465973377227783, 0.0], [0.0, 0.0, 0.29465973377227783]], "rot": [[1.0, 0.0, 0.0], [0.0, 0.0, -1.0], [0.0, 1.0, 0.0]]}
