{"scale": [[0.23183129727840424, 0.0, 0.0], [0.0, 0.23183129727840424, 0.0], [0.0, 0.0, 0.23183129727840424]], "rot": [[1.0, 0.0, 0.0], [0.0, 0.0, -1.0], [0.0, 1.0, 0.0]]}
