{"scale": [[0.22203972935676575, 0.0, 0.0], [0.0, 0.22203972935676575, 0.0], [0.0, 0.0, 0.22203972935676575]], "rot": [[1.0, 0.0, 0.0], [0.0, 0.0, -1.0], [0.0, 1.0, 0.0]]}
