{"scale": [[0.14586007595062256, 0.0, 0.0], [0.0, 0.14586007595062256, 0.0], [0.0, 0.0, 0.14586007595062256]], "rot": [[1.0, 0.0, 0.0], [0.0, 0.0, -1.0], [0.0, 1.0, 0.0]]}
