{"scale": [[0.21912336349487305, 0.0, 0.0], [0.0, 0.21912336349487305, 0.0], [0.0, 0.0, 0.21912336349487305]], "rot": [[1.0, 0.0, 0.0], [0.0, 0.0, -1.0], [0.0, 1.0, 0.0]]}
