{"scale": [[0.16751468181610107, 0.0, 0.0], [0.0, 0.16751468181610107, 0.0], [0.0, 0.0, 0.16751468181610107]], "rot": [[1.0, 0.0, 0.0], [0.0, 0.0, -1.0], [0.0, 1.0, 0.0]]}
