{"scale": [[0.21571579575538635, 0.0, 0.0], [0.0, 0.21571579575538635, 0.0], [0.0, 0.0, 0.21571579575538635]], "rot": [[1.0, 0.0, 0.0], [0.0, 0.0, -1.0], [0.0, 1.0, 0.0]]}
