{"scale": [[0.16124412417411804, 0.0, 0.0], [0.0, 0.16124412417411804, 0.0], [0.0, 0.0, 0.16124412417411804]], "rot": [[1.0, 0.0, 0.0], [0.0, 0.0, -1.0], [0.0, 1.0, 0.0]]}
