{"scale": [[0.2415304034948349, 0.0, 0.0], [0.0, 0.2415304034948349, 0.0], [0.0, 0.0, 0.2415304034948349]], "rot": [[1.0, 0.0, 0.0], [0.0, 0.0, -1.0], [0.0, 1.0, 0.0]]}
