{"scale": [[0.27626940608024597, 0.0, 0.0], [0.0, 0.27626940608024597, 0.0], [0.0, 0.0, 0.27626940608024597]], "rot": [[1.0, 0.0, 0.0], [0.0, 0.0, -1.0], [0.0, 1.0, 0.0]]}
