{"scale": [[0.23890569806098938, 0.0, 0.0], [0.0, 0.23890569806098938, 0.0], [0.0, 0.0, 0.23890569806098938]], "rot": [[1.0, 0.0, 0.0], [0.0, 0.0, -1.0], [0.0, 1.0, 0.0]]}
