{"scale": [[0.2095935344696045, 0.0, 0.0], [0.0, 0.2095935344696045, 0.0], [0.0, 0.0, 0.2095935344696045]], "rot": [[1.0, 0.0, 0.0], [0.0, 0.0, -1.0], [0.0, 1.0, 0.0]]}
