{"scale": [[0.22792881727218628, 0.0, 0.0], [0.0, 0.22792881727218628, 0.0], [0.0, 0.0, 0.22792881727218628]], "rot": [[1.0, 0.0, 0.0], [0.0, 0.0, -1.0], [0.0, 1.0, 0.0]]}
