{"scale": [[0.2037600427865982, 0.0, 0.0], [0.0, 0.2037600427865982, 0.0], [0.0, 0.0, 0.2037600427865982]], "rot": [[1.0, 0.0, 0.0], [0.0, 0.0, -1.0], [0.0, 1.0, 0.0]]}
