{"scale": [[0.23551633954048157, 0.0, 0.0], [0.0, 0.23551633954048157, 0.0], [0.0, 0.0, 0.23551633954048157]], "rot": [[1.0, 0.0, 0.0], [0.0, 0.0, -1.0], [0.0, 1.0, 0.0]]}
