{"scale": [[0.20268858969211578, 0.0, 0.0], [0.0, 0.20268858969211578, 0.0], [0.0, 0.0, 0.20268858969211578]], "rot": [[1.0, 0.0, 0.0], [0.0, 0.0, -1.0], [0.0, 1.0, 0.0]]}
