{"scale": [[0.2170095443725586, 0.0, 0.0], [0.0, 0.2170095443725586, 0.0], [0.0, 0.0, 0.2170095443725586]], "rot": [[1.0, 0.0, 0.0], [0.0, 0.0, -1.0], [0.0, 1.0, 0.0]]}
