{"scale": [[0.21896055340766907, 0.0, 0.0], [0.0, 0.21896055340766907, 0.0], [0.0, 0.0, 0.21896055340766907]], "rot": [[1.0, 0.0, 0.0], [0.0, 0.0, -1.0], [0.0, 1.0, 0.0]]}
