{"scale": [[0.2589682340621948, 0.0, 0.0], [0.0, 0.2589682340621948, 0.0], [0.0, 0.0, 0.2589682340621948]], "rot": [[1.0, 0.0, 0.0], [0.0, 0.0, -1.0], [0.0, 1.0, 0.0]]}
