{"scale": [[0.17843399941921234, 0.0, 0.0], [0.0, 0.17843399941921234, 0.0], [0.0, 0.0, 0.17843399941921234]], "rot": [[1.0, 0.0, 0.0], [0.0, 0.0, -1.0], [0.0, 1.0, 0.0]]}
