{"scale": [[0.1557598114013672, 0.0, 0.0], [0.0, 0.1557598114013672, 0.0], [0.0, 0.0, 0.1557598114013672]], "rot": [[1.0, 0.0, 0.0], [0.0, 0.0, -1.0], [0.0, 1.0, 0.0]]}
