{"scale": [[0.16231316328048706, 0.0, 0.0], [0.0, 0.16231316328048706, 0.0], [0.0, 0.0, 0.16231316328048706]], "rot": [[1.0, 0.0, 0.0], [0.0, 0.0, -1.0], [0.0, 1.0, 0.0]]}
