{"scale": [[0.2850116789340973, 0.0, 0.0], [0.0, 0.2850116789340973, 0.0], [0.0, 0.0, 0.2850116789340973]], "rot": [[1.0, 0.0, 0.0], [0.0, 0.0, -1.0], [0.0, 1.0, 0.0]]}
