{"scale": [[0.16319356858730316, 0.0, 0.0], [0.0, 0.16319356858730316, 0.0], [0.0, 0.0, 0.16319356858730316]], "rot": [[1.0, 0.0, 0.0], [0.0, 0.0, -1.0], [0.0, 1.0, 0.0]]}
