{"scale": [[0.1453281044960022, 0.0, 0.0], [0.0, 0.1453281044960022, 0.0], [0.0, 0.0, 0.1453281044960022]], "rot": [[1.0, 0.0, 0.0], [0.0, 0.0, -1.0], [0.0, 1.0, 0.0]]}
