{"scale": [[0.20519576966762543, 0.0, 0.0], [0.0, 0.20519576966762543, 0.0], [0.0, 0.0, 0.20519576966762543]], "rot": [[1.0, 0.0, 0.0], [0.0, 0.0, -1.0], [0.0, 1.0, 0.0]]}
