{"scale": [[0.16900311410427094, 0.0, 0.0], [0.0, 0.16900311410427094, 0.0], [0.0, 0.0, 0.16900311410427094]], "rot": [[1.0, 0.0, 0.0], [0.0, 0.0, -1.0], [0.0, 1.0, 0.0]]}
