{"scale": [[0.17659330368041992, 0.0, 0.0], [0.0, 0.17659330368041992, 0.0], [0.0, 0.0, 0.17659330368041992]], "rot": [[1.0, 0.0, 0.0], [0.0, 0.0, -1.0], [0.0, 1.0, 0.0]]}
