{"scale": [[0.20453335344791412, 0.0, 0.0], [0.0, 0.20453335344791412, 0.0], [0.0, 0.0, 0.20453335344791412]], "rot": [[1.0, 0.0, 0.0], [0.0, 0.0, -1.0], [0.0, 1.0, 0.0]]}
