{"scale": [[0.26125332713127136, 0.0, 0.0], [0.0, 0.26125332713127136, 0.0], [0.0, 0.0, 0.26125332713127136]], "rot": [[1.0, 0.0, 0.0], [0.0, 0.0, -1.0], [0.0, 1.0, 0.0]]}
