{"scale": [[0.2355653941631317, 0.0, 0.0], [0.0, 0.2355653941631317, 0.0], [0.0, 0.0, 0.2355653941631317]], "rot": [[1.0, 0.0, 0.0], [0.0, 0.0, -1.0], [0.0, 1.0, 0.0]]}
