{"scale": [[0.20698606967926025, 0.0, 0.0], [0.0, 0.20698606967926025, 0.0], [0.0, 0.0, 0.20698606967926025]], "rot": [[1.0, 0.0, 0.0], [0.0, 0.0, -1.0], [0.0, 1.0, 0.0]]}
