{"scale": [[0.22387871146202087, 0.0, 0.0], [0.0, 0.22387871146202087, 0.0], [0.0, 0.0, 0.22387871146202087]], "rot": [[1.0, 0.0, 0.0], [0.0, 0.0, -1.0], [0.0, 1.0, 0.0]]}
