{"scale": [[0.29092204570770264, 0.0, 0.0], [0.0, 0.29092204570770264, 0.0], [0.0, 0.0, 0.29092204570770264]], "rot": [[1.0, 0.0, 0.0], [0.0, 0.0, -1.0], [0.0, 1.0, 0.0]]}
