{"scale": [[0.19748838245868683, 0.0, 0.0], [0.0, 0.19748838245868683, 0.0], [0.0, 0.0, 0.19748838245868683]], "rot": [[1.0, 0.0, 0.0], [0.0, 0.0, -1.0], [0.0, 1.0, 0.0]]}
