{"scale": [[0.16027586162090302, 0.0, 0.0], [0.0, 0.16027586162090302, 0.0], [0.0, 0.0, 0.16027586162090302]], "rot": [[1.0, 0.0, 0.0], [0.0, 0.0, -1.0], [0.0, 1.0, 0.0]]}
