{"scale": [[0.17594532668590546, 0.0, 0.0], [0.0, 0.17594532668590546, 0.0], [0.0, 0.0, 0.17594532668590546]], "rot": [[1.0, 0.0, 0.0], [0.0, 0.0, -1.0], [0.0, 1.0, 0.0]]}
