{"scale": [[0.207881361246109, 0.0, 0.0], [0.0, 0.207881361246109, 0.0], [0.0, 0.0, 0.207881361246109]], "rot": [[1.0, 0.0, 0.0], [0.0, 0.0, -1.0], [0.0, 1.0, 0.0]]}
