{"scale": [[0.27926966547966003, 0.0, 0.0], [0.0, 0.27926966547966003, 0.0], [0.0, 0.0, 0.27926966547966003]], "rot": [[1.0, 0.0, 0.0], [0.0, 0.0, -1.0], [0.0, 1.0, 0.0]]}
