{"scale": [[0.20771291851997375, 0.0, 0.0], [0.0, 0.20771291851997375, 0.0], [0.0, 0.0, 0.20771291851997375]], "rot": [[1.0, 0.0, 0.0], [0.0, 0.0, -1.0], [0.0, 1.0, 0.0]]}
