{"scale": [[0.1924045830965042, 0.0, 0.0], [0.0, 0.1924045830965042, 0.0], [0.0, 0.0, 0.1924045830965042]], "rot": [[1.0, 0.0, 0.0], [0.0, 0.0, -1.0], [0.0, 1.0, 0.0]]}
