{"scale": [[0.14608515799045563, 0.0, 0.0], [0.0, 0.14608515799045563, 0.0], [0.0, 0.0, 0.14608515799045563]], "rot": [[1.0, 0.0, 0.0], [0.0, 0.0, -1.0], [0.0, 1.0, 0.0]]}
