{"scale": [[0.2533046305179596, 0.0, 0.0], [0.0, 0.2533046305179596, 0.0], [0.0, 0.0, 0.2533046305179596]], "rot": [[1.0, 0.0, 0.0], [0.0, 0.0, -1.0], [0.0, 1.0, 0.0]]}
