{"scale": [[0.1473928838968277, 0.0, 0.0], [0.0, 0.1473928838968277, 0.0], [0.0, 0.0, 0.1473928838968277]], "rot": [[1.0, 0.0, 0.0], [0.0, 0.0, -1.0], [0.0, 1.0, 0.0]]}
