{"scale": [[0.17499694228172302, 0.0, 0.0], [0.0, 0.17499694228172302, 0.0], [0.0, 0.0, 0.17499694228172302]], "rot": [[1.0, 0.0, 0.0], [0.0, 0.0, -1.0], [0.0, 1.0, 0.0]]}
