{"scale": [[0.20413397252559662, 0.0, 0.0], [0.0, 0.20413397252559662, 0.0], [0.0, 0.0, 0.20413397252559662]], "rot": [[1.0, 0.0, 0.0], [0.0, 0.0, -1.0], [0.0, 1.0, 0.0]]}
