{"scale": [[0.22887904942035675, 0.0, 0.0], [0.0, 0.22887904942035675, 0.0], [0.0, 0.0, 0.22887904942035675]], "rot": [[1.0, 0.0, 0.0], [0.0, 0.0, -1.0], [0.0, 1.0, 0.0]]}
