{"scale": [[0.27603331208229065, 0.0, 0.0], [0.0, 0.27603331208229065, 0.0], [0.0, 0.0, 0.27603331208229065]], "rot": [[1.0, 0.0, 0.0], [0.0, 0.0, -1.0], [0.0, 1.0, 0.0]]}
