{"scale": [[0.30226096510887146, 0.0, 0.0], [0.0, 0.30226096510887146, 0.0], [0.0, 0.0, 0.30226096510887146]], "rot": [[1.0, 0.0, 0.0], [0.0, 0.0, -1.0], [0.0, 1.0, 0.0]]}
