{"scale": [[0.14670917391777039, 0.0, 0.0], [0.0, 0.14670917391777039, 0.0], [0.0, 0.0, 0.14670917391777039]], "rot": [[1.0, 0.0, 0.0], [0.0, 0.0, -1.0], [0.0, 1.0, 0.0]]}
