{"scale": [[0.21867425739765167, 0.0, 0.0], [0.0, 0.21867425739765167, 0.0], [0.0, 0.0, 0.21867425739765167]], "rot": [[1.0, 0.0, 0.0], [0.0, 0.0, -1.0], [0.0, 1.0, 0.0]]}
