{"scale": [[0.17881911993026733, 0.0, 0.0], [0.0, 0.17881911993026733, 0.0], [0.0, 0.0, 0.17881911993026733]], "rot": [[1.0, 0.0, 0.0], [0.0, 0.0, -1.0], [0.0, 1.0, 0.0]]}
