{"scale": [[0.15859991312026978, 0.0, 0.0], [0.0, 0.15859991312026978, 0.0], [0.0, 0.0, 0.15859991312026978]], "rot": [[1.0, 0.0, 0.0], [0.0, 0.0, -1.0], [0.0, 1.0, 0.0]]}
