{"scale": [[0.22411786019802094, 0.0, 0.0], [0.0, 0.22411786019802094, 0.0], [0.0, 0.0, 0.22411786019802094]], "rot": [[1.0, 0.0, 0.0], [0.0, 0.0, -1.0], [0.0, 1.0, 0.0]]}
