{"scale": [[0.19931595027446747, 0.0, 0.0], [0.0, 0.19931595027446747, 0.0], [0.0, 0.0, 0.19931595027446747]], "rot": [[1.0, 0.0, 0.0], [0.0, 0.0, -1.0], [0.0, 1.0, 0.0]]}
