{"scale": [[0.16329148411750793, 0.0, 0.0], [0.0, 0.16329148411750793, 0.0], [0.0, 0.0, 0.16329148411750793]], "rot": [[1.0, 0.0, 0.0], [0.0, 0.0, -1.0], [0.0, 1.0, 0.0]]}
