{"scale": [[0.1554722934961319, 0.0, 0.0], [0.0, 0.1554722934961319, 0.0], [0.0, 0.0, 0.1554722934961319]], "rot": [[1.0, 0.0, 0.0], [0.0, 0.0, -1.0], [0.0, 1.0, 0.0]]}
