{"scale": [[0.2083580642938614, 0.0, 0.0], [0.0, 0.2083580642938614, 0.0], [0.0, 0.0, 0.2083580642938614]], "rot": [[1.0, 0.0, 0.0], [0.0, 0.0, -1.0], [0.0, 1.0, 0.0]]}
