{"scale": [[0.16493657231330872, 0.0, 0.0], [0.0, 0.16493657231330872, 0.0], [0.0, 0.0, 0.16493657231330872]], "rot": [[1.0, 0.0, 0.0], [0.0, 0.0, -1.0], [0.0, 1.0, 0.0]]}
