{"scale": [[0.20507913827896118, 0.0, 0.0], [0.0, 0.20507913827896118, 0.0], [0.0, 0.0, 0.20507913827896118]], "rot": [[1.0, 0.0, 0.0], [0.0, 0.0, -1.0], [0.0, 1.0, 0.0]]}
