{"scale": [[0.3052434027194977, 0.0, 0.0], [0.0, 0.3052434027194977, 0.0], [0.0, 0.0, 0.3052434027194977]], "rot": [[1.0, 0.0, 0.0], [0.0, 0.0, -1.0], [0.0, 1.0, 0.0]]}
