{"scale": [[0.20551183819770813, 0.0, 0.0], [0.0, 0.20551183819770813, 0.0], [0.0, 0.0, 0.20551183819770813]], "rot": [[1.0, 0.0, 0.0], [0.0, 0.0, -1.0], [0.0, 1.0, 0.0]]}
