{"scale": [[0.22338661551475525, 0.0, 0.0], [0.0, 0.22338661551475525, 0.0], [0.0, 0.0, 0.22338661551475525]], "rot": [[1.0, 0.0, 0.0], [0.0, 0.0, -1.0], [0.0, 1.0, 0.0]]}
