{"scale": [[0.2535006105899811, 0.0, 0.0], [0.0, 0.2535006105899811, 0.0], [0.0, 0.0, 0.2535006105899811]], "rot": [[1.0, 0.0, 0.0], [0.0, 0.0, -1.0], [0.0, 1.0, 0.0]]}
