{"scale": [[0.22396031022071838, 0.0, 0.0], [0.0, 0.22396031022071838, 0.0], [0.0, 0.0, 0.22396031022071838]], "rot": [[1.0, 0.0, 0.0], [0.0, 0.0, -1.0], [0.0, 1.0, 0.0]]}
