{"scale": [[0.26883232593536377, 0.0, 0.0], [0.0, 0.26883232593536377, 0.0], [0.0, 0.0, 0.26883232593536377]], "rot": [[1.0, 0.0, 0.0], [0.0, 0.0, -1.0], [0.0, 1.0, 0.0]]}
