{"scale": [[0.17459195852279663, 0.0, 0.0], [0.0, 0.17459195852279663, 0.0], [0.0, 0.0, 0.17459195852279663]], "rot": [[1.0, 0.0, 0.0], [0.0, 0.0, -1.0], [0.0, 1.0, 0.0]]}
