{"scale": [[0.19993631541728973, 0.0, 0.0], [0.0, 0.19993631541728973, 0.0], [0.0, 0.0, 0.19993631541728973]], "rot": [[1.0, 0.0, 0.0], [0.0, 0.0, -1.0], [0.0, 1.0, 0.0]]}
