{"scale": [[0.2176600992679596, 0.0, 0.0], [0.0, 0.2176600992679596, 0.0], [0.0, 0.0, 0.2176600992679596]], "rot": [[1.0, 0.0, 0.0], [0.0, 0.0, -1.0], [0.0, 1.0, 0.0]]}
