{"scale": [[0.16984295845031738, 0.0, 0.0], [0.0, 0.16984295845031738, 0.0], [0.0, 0.0, 0.16984295845031738]], "rot": [[1.0, 0.0, 0.0], [0.0, 0.0, -1.0], [0.0, 1.0, 0.0]]}
