{"scale": [[0.2420513778924942, 0.0, 0.0], [0.0, 0.2420513778924942, 0.0], [0.0, 0.0, 0.2420513778924942]], "rot": [[1.0, 0.0, 0.0], [0.0, 0.0, -1.0], [0.0, 1.0, 0.0]]}
