{"scale": [[0.20202967524528503, 0.0, 0.0], [0.0, 0.20202967524528503, 0.0], [0.0, 0.0, 0.20202967524528503]], "rot": [[1.0, 0.0, 0.0], [0.0, 0.0, -1.0], [0.0, 1.0, 0.0]]}
