{"scale": [[0.2708522081375122, 0.0, 0.0], [0.0, 0.2708522081375122, 0.0], [0.0, 0.0, 0.2708522081375122]], "rot": [[1.0, 0.0, 0.0], [0.0, 0.0, -1.0], [0.0, 1.0, 0.0]]}
