{"scale": [[0.28807905316352844, 0.0, 0.0], [0.0, 0.28807905316352844, 0.0], [0.0, 0.0, 0.28807905316352844]], "rot": [[1.0, 0.0, 0.0], [0.0, 0.0, -1.0], [0.0, 1.0, 0.0]]}
