{"scale": [[0.21772560477256775, 0.0, 0.0], [0.0, 0.21772560477256775, 0.0], [0.0, 0.0, 0.21772560477256775]], "rot": [[1.0, 0.0, 0.0], [0.0, 0.0, -1.0], [0.0, 1.0, 0.0]]}
