{"scale": [[0.17241066694259644, 0.0, 0.0], [0.0, 0.17241066694259644, 0.0], [0.0, 0.0, 0.17241066694259644]], "rot": [[1.0, 0.0, 0.0], [0.0, 0.0, -1.0], [0.0, 1.0, 0.0]]}
