{"scale": [[0.2249002456665039, 0.0, 0.0], [0.0, 0.2249002456665039, 0.0], [0.0, 0.0, 0.2249002456665039]], "rot": [[1.0, 0.0, 0.0], [0.0, 0.0, -1.0], [0.0, 1.0, 0.0]]}
