{"scale": [[0.2539762556552887, 0.0, 0.0], [0.0, 0.2539762556552887, 0.0], [0.0, 0.0, 0.2539762556552887]], "rot": [[1.0, 0.0, 0.0], [0.0, 0.0, -1.0], [0.0, 1.0, 0.0]]}
