{"scale": [[0.2380513995885849, 0.0, 0.0], [0.0, 0.2380513995885849, 0.0], [0.0, 0.0, 0.2380513995885849]], "rot": [[1.0, 0.0, 0.0], [0.0, 0.0, -1.0], [0.0, 1.0, 0.0]]}
