{"scale": [[0.23680970072746277, 0.0, 0.0], [0.0, 0.23680970072746277, 0.0], [0.0, 0.0, 0.23680970072746277]], "rot": [[1.0, 0.0, 0.0], [0.0, 0.0, -1.0], [0.0, 1.0, 0.0]]}
