{"scale": [[0.2342718541622162, 0.0, 0.0], [0.0, 0.2342718541622162, 0.0], [0.0, 0.0, 0.2342718541622162]], "rot": [[1.0, 0.0, 0.0], [0.0, 0.0, -1.0], [0.0, 1.0, 0.0]]}
