{"scale": [[0.3059091567993164, 0.0, 0.0], [0.0, 0.3059091567993164, 0.0], [0.0, 0.0, 0.3059091567993164]], "rot": [[1.0, 0.0, 0.0], [0.0, 0.0, -1.0], [0.0, 1.0, 0.0]]}
