{"scale": [[0.23092222213745117, 0.0, 0.0], [0.0, 0.23092222213745117, 0.0], [0.0, 0.0, 0.23092222213745117]], "rot": [[1.0, 0.0, 0.0], [0.0, 0.0, -1.0], [0.0, 1.0, 0.0]]}
