{"scale": [[0.2100745290517807, 0.0, 0.0], [0.0, 0.2100745290517807, 0.0], [0.0, 0.0, 0.2100745290517807]], "rot": [[1.0, 0.0, 0.0], [0.0, 0.0, -1.0], [0.0, 1.0, 0.0]]}
