{"scale": [[0.3047352135181427, 0.0, 0.0], [0.0, 0.3047352135181427, 0.0], [0.0, 0.0, 0.3047352135181427]], "rot": [[1.0, 0.0, 0.0], [0.0, 0.0, -1.0], [0.0, 1.0, 0.0]]}
