{"scale": [[0.27885329723358154, 0.0, 0.0], [0.0, 0.27885329723358154, 0.0], [0.0, 0.0, 0.27885329723358154]], "rot": [[1.0, 0.0, 0.0], [0.0, 0.0, -1.0], [0.0, 1.0, 0.0]]}
