{"scale": [[0.285004198551178, 0.0, 0.0], [0.0, 0.285004198551178, 0.0], [0.0, 0.0, 0.285004198551178]], "rot": [[1.0, 0.0, 0.0], [0.0, 0.0, -1.0], [0.0, 1.0, 0.0]]}
