{"scale": [[0.2970535457134247, 0.0, 0.0], [0.0, 0.2970535457134247, 0.0], [0.0, 0.0, 0.2970535457134247]], "rot": [[1.0, 0.0, 0.0], [0.0, 0.0, -1.0], [0.0, 1.0, 0.0]]}
