{"scale": [[0.2187928706407547, 0.0, 0.0], [0.0, 0.2187928706407547, 0.0], [0.0, 0.0, 0.2187928706407547]], "rot": [[1.0, 0.0, 0.0], [0.0, 0.0, -1.0], [0.0, 1.0, 0.0]]}
