{"scale": [[0.16000476479530334, 0.0, 0.0], [0.0, 0.16000476479530334, 0.0], [0.0, 0.0, 0.16000476479530334]], "rot": [[1.0, 0.0, 0.0], [0.0, 0.0, -1.0], [0.0, 1.0, 0.0]]}
