{"scale": [[0.27766722440719604, 0.0, 0.0], [0.0, 0.27766722440719604, 0.0], [0.0, 0.0, 0.27766722440719604]], "rot": [[1.0, 0.0, 0.0], [0.0, 0.0, -1.0], [0.0, 1.0, 0.0]]}
