{"scale": [[0.1631644368171692, 0.0, 0.0], [0.0, 0.1631644368171692, 0.0], [0.0, 0.0, 0.1631644368171692]], "rot": [[1.0, 0.0, 0.0], [0.0, 0.0, -1.0], [0.0, 1.0, 0.0]]}
