{"scale": [[0.24554485082626343, 0.0, 0.0], [0.0, 0.24554485082626343, 0.0], [0.0, 0.0, 0.24554485082626343]], "rot": [[1.0, 0.0, 0.0], [0.0, 0.0, -1.0], [0.0, 1.0, 0.0]]}
