{"scale": [[0.20822325348854065, 0.0, 0.0], [0.0, 0.20822325348854065, 0.0], [0.0, 0.0, 0.20822325348854065]], "rot": [[1.0, 0.0, 0.0], [0.0, 0.0, -1.0], [0.0, 1.0, 0.0]]}
