{"scale": [[0.21255721151828766, 0.0, 0.0], [0.0, 0.21255721151828766, 0.0], [0.0, 0.0, 0.21255721151828766]], "rot": [[1.0, 0.0, 0.0], [0.0, 0.0, -1.0], [0.0, 1.0, 0.0]]}
