{"scale": [[0.20965544879436493, 0.0, 0.0], [0.0, 0.20965544879436493, 0.0], [0.0, 0.0, 0.20965544879436493]], "rot": [[1.0, 0.0, 0.0], [0.0, 0.0, -1.0], [0.0, 1.0, 0.0]]}
