{"scale": [[0.27212730050086975, 0.0, 0.0], [0.0, 0.27212730050086975, 0.0], [0.0, 0.0, 0.27212730050086975]], "rot": [[1.0, 0.0, 0.0], [0.0, 0.0, -1.0], [0.0, 1.0, 0.0]]}
