{"scale": [[0.29627612233161926, 0.0, 0.0], [0.0, 0.29627612233161926, 0.0], [0.0, 0.0, 0.29627612233161926]], "rot": [[1.0, 0.0, 0.0], [0.0, 0.0, -1.0], [0.0, 1.0, 0.0]]}
