{"scale": [[0.23536930978298187, 0.0, 0.0], [0.0, 0.23536930978298187, 0.0], [0.0, 0.0, 0.23536930978298187]], "rot": [[1.0, 0.0, 0.0], [0.0, 0.0, -1.0], [0.0, 1.0, 0.0]]}
