{"scale": [[0.16350501775741577, 0.0, 0.0], [0.0, 0.16350501775741577, 0.0], [0.0, 0.0, 0.16350501775741577]], "rot": [[1.0, 0.0, 0.0], [0.0, 0.0, -1.0], [0.0, 1.0, 0.0]]}
