{"scale": [[0.16314299404621124, 0.0, 0.0], [0.0, 0.16314299404621124, 0.0], [0.0, 0.0, 0.16314299404621124]], "rot": [[1.0, 0.0, 0.0], [0.0, 0.0, -1.0], [0.0, 1.0, 0.0]]}
