{"scale": [[0.21271571516990662, 0.0, 0.0], [0.0, 0.21271571516990662, 0.0], [0.0, 0.0, 0.21271571516990662]], "rot": [[1.0, 0.0, 0.0], [0.0, 0.0, -1.0], [0.0, 1.0, 0.0]]}
