{"scale": [[0.16657358407974243, 0.0, 0.0], [0.0, 0.16657358407974243, 0.0], [0.0, 0.0, 0.16657358407974243]], "rot": [[1.0, 0.0, 0.0], [0.0, 0.0, -1.0], [0.0, 1.0, 0.0]]}
