{"scale": [[0.16202178597450256, 0.0, 0.0], [0.0, 0.16202178597450256, 0.0], [0.0, 0.0, 0.16202178597450256]], "rot": [[1.0, 0.0, 0.0], [0.0, 0.0, -1.0], [0.0, 1.0, 0.0]]}
