{"scale": [[0.2278551310300827, 0.0, 0.0], [0.0, 0.2278551310300827, 0.0], [0.0, 0.0, 0.2278551310300827]], "rot": [[1.0, 0.0, 0.0], [0.0, 0.0, -1.0], [0.0, 1.0, 0.0]]}
