{"scale": [[0.2536768615245819, 0.0, 0.0], [0.0, 0.2536768615245819, 0.0], [0.0, 0.0, 0.2536768615245819]], "rot": [[1.0, 0.0, 0.0], [0.0, 0.0, -1.0], [0.0, 1.0, 0.0]]}
