{"scale": [[0.20559443533420563, 0.0, 0.0], [0.0, 0.20559443533420563, 0.0], [0.0, 0.0, 0.20559443533420563]], "rot": [[1.0, 0.0, 0.0], [0.0, 0.0, -1.0], [0.0, 1.0, 0.0]]}
