{"scale": [[0.22713053226470947, 0.0, 0.0], [0.0, 0.22713053226470947, 0.0], [0.0, 0.0, 0.22713053226470947]], "rot": [[1.0, 0.0, 0.0], [0.0, 0.0, -1.0], [0.0, 1.0, 0.0]]}
