{"scale": [[0.20715638995170593, 0.0, 0.0], [0.0, 0.20715638995170593, 0.0], [0.0, 0.0, 0.20715638995170593]], "rot": [[1.0, 0.0, 0.0], [0.0, 0.0, -1.0], [0.0, 1.0, 0.0]]}
