{"scale": [[0.17830362915992737, 0.0, 0.0], [0.0, 0.17830362915992737, 0.0], [0.0, 0.0, 0.17830362915992737]], "rot": [[1.0, 0.0, 0.0], [0.0, 0.0, -1.0], [0.0, 1.0, 0.0]]}
