{"scale": [[0.29706835746765137, 0.0, 0.0], [0.0, 0.29706835746765137, 0.0], [0.0, 0.0, 0.29706835746765137]], "rot": [[1.0, 0.0, 0.0], [0.0, 0.0, -1.0], [0.0, 1.0, 0.0]]}
