{"scale": [[0.19486555457115173, 0.0, 0.0], [0.0, 0.19486555457115173, 0.0], [0.0, 0.0, 0.19486555457115173]], "rot": [[1.0, 0.0, 0.0], [0.0, 0.0, -1.0], [0.0, 1.0, 0.0]]}
