{"scale": [[0.22027947008609772, 0.0, 0.0], [0.0, 0.22027947008609772, 0.0], [0.0, 0.0, 0.22027947008609772]], "rot": [[1.0, 0.0, 0.0], [0.0, 0.0, -1.0], [0.0, 1.0, 0.0]]}
