{"scale": [[0.16059790551662445, 0.0, 0.0], [0.0, 0.16059790551662445, 0.0], [0.0, 0.0, 0.16059790551662445]], "rot": [[1.0, 0.0, 0.0], [0.0, 0.0, -1.0], [0.0, 1.0, 0.0]]}
