{"scale": [[0.2298811674118042, 0.0, 0.0], [0.0, 0.2298811674118042, 0.0], [0.0, 0.0, 0.2298811674118042]], "rot": [[1.0, 0.0, 0.0], [0.0, 0.0, -1.0], [0.0, 1.0, 0.0]]}
