{"scale": [[0.22135478258132935, 0.0, 0.0], [0.0, 0.22135478258132935, 0.0], [0.0, 0.0, 0.22135478258132935]], "rot": [[1.0, 0.0, 0.0], [0.0, 0.0, -1.0], [0.0, 1.0, 0.0]]}
