{"scale": [[0.22477637231349945, 0.0, 0.0], [0.0, 0.22477637231349945, 0.0], [0.0, 0.0, 0.22477637231349945]], "rot": [[1.0, 0.0, 0.0], [0.0, 0.0, -1.0], [0.0, 1.0, 0.0]]}
