{"scale": [[0.2753003239631653, 0.0, 0.0], [0.0, 0.2753003239631653, 0.0], [0.0, 0.0, 0.2753003239631653]], "rot": [[1.0, 0.0, 0.0], [0.0, 0.0, -1.0], [0.0, 1.0, 0.0]]}
