{"scale": [[0.1612408608198166, 0.0, 0.0], [0.0, 0.1612408608198166, 0.0], [0.0, 0.0, 0.1612408608198166]], "rot": [[1.0, 0.0, 0.0], [0.0, 0.0, -1.0], [0.0, 1.0, 0.0]]}
