{"scale": [[0.15409241616725922, 0.0, 0.0], [0.0, 0.15409241616725922, 0.0], [0.0, 0.0, 0.15409241616725922]], "rot": [[1.0, 0.0, 0.0], [0.0, 0.0, -1.0], [0.0, 1.0, 0.0]]}
