{"scale": [[0.2945880889892578, 0.0, 0.0], [0.0, 0.2945880889892578, 0.0], [0.0, 0.0, 0.2945880889892578]], "rot": [[1.0, 0.0, 0.0], [0.0, 0.0, -1.0], [0.0, 1.0, 0.0]]}
