{"scale": [[0.2441645711660385, 0.0, 0.0], [0.0, 0.2441645711660385, 0.0], [0.0, 0.0, 0.2441645711660385]], "rot": [[1.0, 0.0, 0.0], [0.0, 0.0, -1.0], [0.0, 1.0, 0.0]]}
