{"scale": [[0.287823349237442, 0.0, 0.0], [0.0, 0.287823349237442, 0.0], [0.0, 0.0, 0.287823349237442]], "rot": [[1.0, 0.0, 0.0], [0.0, 0.0, -1.0], [0.0, 1.0, 0.0]]}
