{"scale": [[0.18469001352787018, 0.0, 0.0], [0.0, 0.18469001352787018, 0.0], [0.0, 0.0, 0.18469001352787018]], "rot": [[1.0, 0.0, 0.0], [0.0, 0.0, -1.0], [0.0, 1.0, 0.0]]}
