{"scale": [[0.16090334951877594, 0.0, 0.0], [0.0, 0.16090334951877594, 0.0], [0.0, 0.0, 0.16090334951877594]], "rot": [[1.0, 0.0, 0.0], [0.0, 0.0, -1.0], [0.0, 1.0, 0.0]]}
