{"scale": [[0.1651611179113388, 0.0, 0.0], [0.0, 0.1651611179113388, 0.0], [0.0, 0.0, 0.1651611179113388]], "rot": [[1.0, 0.0, 0.0], [0.0, 0.0, -1.0], [0.0, 1.0, 0.0]]}
