{"scale": [[0.27402612566947937, 0.0, 0.0], [0.0, 0.27402612566947937, 0.0], [0.0, 0.0, 0.27402612566947937]], "rot": [[1.0, 0.0, 0.0], [0.0, 0.0, -1.0], [0.0, 1.0, 0.0]]}
