{"scale": [[0.24009005725383759, 0.0, 0.0], [0.0, 0.24009005725383759, 0.0], [0.0, 0.0, 0.24009005725383759]], "rot": [[1.0, 0.0, 0.0], [0.0, 0.0, -1.0], [0.0, 1.0, 0.0]]}
