{"scale": [[0.15151654183864594, 0.0, 0.0], [0.0, 0.15151654183864594, 0.0], [0.0, 0.0, 0.15151654183864594]], "rot": [[1.0, 0.0, 0.0], [0.0, 0.0, -1.0], [0.0, 1.0, 0.0]]}
