{"scale": [[0.22183789312839508, 0.0, 0.0], [0.0, 0.22183789312839508, 0.0], [0.0, 0.0, 0.22183789312839508]], "rot": [[1.0, 0.0, 0.0], [0.0, 0.0, -1.0], [0.0, 1.0, 0.0]]}
