{"scale": [[0.23050996661186218, 0.0, 0.0], [0.0, 0.23050996661186218, 0.0], [0.0, 0.0, 0.23050996661186218]], "rot": [[1.0, 0.0, 0.0], [0.0, 0.0, -1.0], [0.0, 1.0, 0.0]]}
