{"scale": [[0.17321385443210602, 0.0, 0.0], [0.0, 0.17321385443210602, 0.0], [0.0, 0.0, 0.17321385443210602]], "rot": [[1.0, 0.0, 0.0], [0.0, 0.0, -1.0], [0.0, 1.0, 0.0]]}
