{"scale": [[0.1551777571439743, 0.0, 0.0], [0.0, 0.1551777571439743, 0.0], [0.0, 0.0, 0.1551777571439743]], "rot": [[1.0, 0.0, 0.0], [0.0, 0.0, -1.0], [0.0, 1.0, 0.0]]}
