{"scale": [[0.28742849826812744, 0.0, 0.0], [0.0, 0.28742849826812744, 0.0], [0.0, 0.0, 0.28742849826812744]], "rot": [[1.0, 0.0, 0.0], [0.0, 0.0, -1.0], [0.0, 1.0, 0.0]]}
