{"scale": [[0.20362620055675507, 0.0, 0.0], [0.0, 0.20362620055675507, 0.0], [0.0, 0.0, 0.20362620055675507]], "rot": [[1.0, 0.0, 0.0], [0.0, 0.0, -1.0], [0.0, 1.0, 0.0]]}
