{"scale": [[0.2647409737110138, 0.0, 0.0], [0.0, 0.2647409737110138, 0.0], [0.0, 0.0, 0.2647409737110138]], "rot": [[1.0, 0.0, 0.0], [0.0, 0.0, -1.0], [0.0, 1.0, 0.0]]}
