{"scale": [[0.18255528807640076, 0.0, 0.0], [0.0, 0.18255528807640076, 0.0], [0.0, 0.0, 0.18255528807640076]], "rot": [[1.0, 0.0, 0.0], [0.0, 0.0, -1.0], [0.0, 1.0, 0.0]]}
