{"scale": [[0.26377540826797485, 0.0, 0.0], [0.0, 0.26377540826797485, 0.0], [0.0, 0.0, 0.26377540826797485]], "rot": [[1.0, 0.0, 0.0], [0.0, 0.0, -1.0], [0.0, 1.0, 0.0]]}
