{"scale": [[0.24185730516910553, 0.0, 0.0], [0.0, 0.24185730516910553, 0.0], [0.0, 0.0, 0.24185730516910553]], "rot": [[1.0, 0.0, 0.0], [0.0, 0.0, -1.0], [0.0, 1.0, 0.0]]}
