{"scale": [[0.21249033510684967, 0.0, 0.0], [0.0, 0.21249033510684967, 0.0], [0.0, 0.0, 0.21249033510684967]], "rot": [[1.0, 0.0, 0.0], [0.0, 0.0, -1.0], [0.0, 1.0, 0.0]]}
