{"scale": [[0.17796540260314941, 0.0, 0.0], [0.0, 0.17796540260314941, 0.0], [0.0, 0.0, 0.17796540260314941]], "rot": [[1.0, 0.0, 0.0], [0.0, 0.0, -1.0], [0.0, 1.0, 0.0]]}
