{"scale": [[0.16806143522262573, 0.0, 0.0], [0.0, 0.16806143522262573, 0.0], [0.0, 0.0, 0.16806143522262573]], "rot": [[1.0, 0.0, 0.0], [0.0, 0.0, -1.0], [0.0, 1.0, 0.0]]}
