{"scale": [[0.16155073046684265, 0.0, 0.0], [0.0, 0.16155073046684265, 0.0], [0.0, 0.0, 0.16155073046684265]], "rot": [[1.0, 0.0, 0.0], [0.0, 0.0, -1.0], [0.0, 1.0, 0.0]]}
