{"scale": [[0.19735948741436005, 0.0, 0.0], [0.0, 0.19735948741436005, 0.0], [0.0, 0.0, 0.19735948741436005]], "rot": [[1.0, 0.0, 0.0], [0.0, 0.0, -1.0], [0.0, 1.0, 0.0]]}
