{"scale": [[0.1624842882156372, 0.0, 0.0], [0.0, 0.1624842882156372, 0.0], [0.0, 0.0, 0.1624842882156372]], "rot": [[1.0, 0.0, 0.0], [0.0, 0.0, -1.0], [0.0, 1.0, 0.0]]}
