{"scale": [[0.20891858637332916, 0.0, 0.0], [0.0, 0.20891858637332916, 0.0], [0.0, 0.0, 0.20891858637332916]], "rot": [[1.0, 0.0, 0.0], [0.0, 0.0, -1.0], [0.0, 1.0, 0.0]]}
