{"scale": [[0.169333815574646, 0.0, 0.0], [0.0, 0.169333815574646, 0.0], [0.0, 0.0, 0.169333815574646]], "rot": [[1.0, 0.0, 0.0], [0.0, 0.0, -1.0], [0.0, 1.0, 0.0]]}
