{"scale": [[0.2668231725692749, 0.0, 0.0], [0.0, 0.2668231725692749, 0.0], [0.0, 0.0, 0.2668231725692749]], "rot": [[1.0, 0.0, 0.0], [0.0, 0.0, -1.0], [0.0, 1.0, 0.0]]}
