{"scale": [[0.16250309348106384, 0.0, 0.0], [0.0, 0.16250309348106384, 0.0], [0.0, 0.0, 0.16250309348106384]], "rot": [[1.0, 0.0, 0.0], [0.0, 0.0, -1.0], [0.0, 1.0, 0.0]]}
