{"scale": [[0.14937855303287506, 0.0, 0.0], [0.0, 0.14937855303287506, 0.0], [0.0, 0.0, 0.14937855303287506]], "rot": [[1.0, 0.0, 0.0], [0.0, 0.0, -1.0], [0.0, 1.0, 0.0]]}
