{"scale": [[0.15698270499706268, 0.0, 0.0], [0.0, 0.15698270499706268, 0.0], [0.0, 0.0, 0.15698270499706268]], "rot": [[1.0, 0.0, 0.0], [0.0, 0.0, -1.0], [0.0, 1.0, 0.0]]}
