{"scale": [[0.27100586891174316, 0.0, 0.0], [0.0, 0.27100586891174316, 0.0], [0.0, 0.0, 0.27100586891174316]], "rot": [[1.0, 0.0, 0.0], [0.0, 0.0, -1.0], [0.0, 1.0, 0.0]]}
