{"scale": [[0.23475685715675354, 0.0, 0.0], [0.0, 0.23475685715675354, 0.0], [0.0, 0.0, 0.23475685715675354]], "rot": [[1.0, 0.0, 0.0], [0.0, 0.0, -1.0], [0.0, 1.0, 0.0]]}
