{"scale": [[0.2459089457988739, 0.0, 0.0], [0.0, 0.2459089457988739, 0.0], [0.0, 0.0, 0.2459089457988739]], "rot": [[1.0, 0.0, 0.0], [0.0, 0.0, -1.0], [0.0, 1.0, 0.0]]}
