{"scale": [[0.210012748837471, 0.0, 0.0], [0.0, 0.210012748837471, 0.0], [0.0, 0.0, 0.210012748837471]], "rot": [[1.0, 0.0, 0.0], [0.0, 0.0, -1.0], [0.0, 1.0, 0.0]]}
