{"scale": [[0.2593851089477539, 0.0, 0.0], [0.0, 0.2593851089477539, 0.0], [0.0, 0.0, 0.2593851089477539]], "rot": [[1.0, 0.0, 0.0], [0.0, 0.0, -1.0], [0.0, 1.0, 0.0]]}
