{"scale": [[0.2126285433769226, 0.0, 0.0], [0.0, 0.2126285433769226, 0.0], [0.0, 0.0, 0.2126285433769226]], "rot": [[1.0, 0.0, 0.0], [0.0, 0.0, -1.0], [0.0, 1.0, 0.0]]}
