{"scale": [[0.17218300700187683, 0.0, 0.0], [0.0, 0.17218300700187683, 0.0], [0.0, 0.0, 0.17218300700187683]], "rot": [[1.0, 0.0, 0.0], [0.0, 0.0, -1.0], [0.0, 1.0, 0.0]]}
