{"scale": [[0.16660544276237488, 0.0, 0.0], [0.0, 0.16660544276237488, 0.0], [0.0, 0.0, 0.16660544276237488]], "rot": [[1.0, 0.0, 0.0], [0.0, 0.0, -1.0], [0.0, 1.0, 0.0]]}
