{"scale": [[0.15874475240707397, 0.0, 0.0], [0.0, 0.15874475240707397, 0.0], [0.0, 0.0, 0.15874475240707397]], "rot": [[1.0, 0.0, 0.0], [0.0, 0.0, -1.0], [0.0, 1.0, 0.0]]}
