{"scale": [[0.22121301293373108, 0.0, 0.0], [0.0, 0.22121301293373108, 0.0], [0.0, 0.0, 0.22121301293373108]], "rot": [[1.0, 0.0, 0.0], [0.0, 0.0, -1.0], [0.0, 1.0, 0.0]]}
