{"scale": [[0.16232790052890778, 0.0, 0.0], [0.0, 0.16232790052890778, 0.0], [0.0, 0.0, 0.16232790052890778]], "rot": [[1.0, 0.0, 0.0], [0.0, 0.0, -1.0], [0.0, 1.0, 0.0]]}
