{"scale": [[0.19390954077243805, 0.0, 0.0], [0.0, 0.19390954077243805, 0.0], [0.0, 0.0, 0.19390954077243805]], "rot": [[1.0, 0.0, 0.0], [0.0, 0.0, -1.0], [0.0, 1.0, 0.0]]}
