{"scale": [[0.1519027203321457, 0.0, 0.0], [0.0, 0.1519027203321457, 0.0], [0.0, 0.0, 0.1519027203321457]], "rot": [[1.0, 0.0, 0.0], [0.0, 0.0, -1.0], [0.0, 1.0, 0.0]]}
