{"scale": [[0.14719641208648682, 0.0, 0.0], [0.0, 0.14719641208648682, 0.0], [0.0, 0.0, 0.14719641208648682]], "rot": [[1.0, 0.0, 0.0], [0.0, 0.0, -1.0], [0.0, 1.0, 0.0]]}
