{"scale": [[0.25912120938301086, 0.0, 0.0], [0.0, 0.25912120938301086, 0.0], [0.0, 0.0, 0.25912120938301086]], "rot": [[1.0, 0.0, 0.0], [0.0, 0.0, -1.0], [0.0, 1.0, 0.0]]}
