{"scale": [[0.1680394858121872, 0.0, 0.0], [0.0, 0.1680394858121872, 0.0], [0.0, 0.0, 0.1680394858121872]], "rot": [[1.0, 0.0, 0.0], [0.0, 0.0, -1.0], [0.0, 1.0, 0.0]]}
