{"scale": [[0.18800745904445648, 0.0, 0.0], [0.0, 0.18800745904445648, 0.0], [0.0, 0.0, 0.18800745904445648]], "rot": [[1.0, 0.0, 0.0], [0.0, 0.0, -1.0], [0.0, 1.0, 0.0]]}
