{"scale": [[0.18750983476638794, 0.0, 0.0], [0.0, 0.18750983476638794, 0.0], [0.0, 0.0, 0.18750983476638794]], "rot": [[1.0, 0.0, 0.0], [0.0, 0.0, -1.0], [0.0, 1.0, 0.0]]}
