{"scale": [[0.21213902533054352, 0.0, 0.0], [0.0, 0.21213902533054352, 0.0], [0.0, 0.0, 0.21213902533054352]], "rot": [[1.0, 0.0, 0.0], [0.0, 0.0, -1.0], [0.0, 1.0, 0.0]]}
