{"scale": [[0.22986473143100739, 0.0, 0.0], [0.0, 0.22986473143100739, 0.0], [0.0, 0.0, 0.22986473143100739]], "rot": [[1.0, 0.0, 0.0], [0.0, 0.0, -1.0], [0.0, 1.0, 0.0]]}
