{"scale": [[0.21414883434772491, 0.0, 0.0], [0.0, 0.21414883434772491, 0.0], [0.0, 0.0, 0.21414883434772491]], "rot": [[1.0, 0.0, 0.0], [0.0, 0.0, -1.0], [0.0, 1.0, 0.0]]}
