{"scale": [[0.15437474846839905, 0.0, 0.0], [0.0, 0.15437474846839905, 0.0], [0.0, 0.0, 0.15437474846839905]], "rot": [[1.0, 0.0, 0.0], [0.0, 0.0, -1.0], [0.0, 1.0, 0.0]]}
