{"scale": [[0.2321573793888092, 0.0, 0.0], [0.0, 0.2321573793888092, 0.0], [0.0, 0.0, 0.2321573793888092]], "rot": [[1.0, 0.0, 0.0], [0.0, 0.0, -1.0], [0.0, 1.0, 0.0]]}
