{"scale": [[0.23671747744083405, 0.0, 0.0], [0.0, 0.23671747744083405, 0.0], [0.0, 0.0, 0.23671747744083405]], "rot": [[1.0, 0.0, 0.0], [0.0, 0.0, -1.0], [0.0, 1.0, 0.0]]}
