{"scale": [[0.19641585648059845, 0.0, 0.0], [0.0, 0.19641585648059845, 0.0], [0.0, 0.0, 0.19641585648059845]], "rot": [[1.0, 0.0, 0.0], [0.0, 0.0, -1.0], [0.0, 1.0, 0.0]]}
