{"scale": [[0.22286926209926605, 0.0, 0.0], [0.0, 0.22286926209926605, 0.0], [0.0, 0.0, 0.22286926209926605]], "rot": [[1.0, 0.0, 0.0], [0.0, 0.0, -1.0], [0.0, 1.0, 0.0]]}
