{"scale": [[0.19882716238498688, 0.0, 0.0], [0.0, 0.19882716238498688, 0.0], [0.0, 0.0, 0.19882716238498688]], "rot": [[1.0, 0.0, 0.0], [0.0, 0.0, -1.0], [0.0, 1.0, 0.0]]}
