{"scale": [[0.19462022185325623, 0.0, 0.0], [0.0, 0.19462022185325623, 0.0], [0.0, 0.0, 0.19462022185325623]], "rot": [[1.0, 0.0, 0.0], [0.0, 0.0, -1.0], [0.0, 1.0, 0.0]]}
