{"scale": [[0.2184624820947647, 0.0, 0.0], [0.0, 0.2184624820947647, 0.0], [0.0, 0.0, 0.2184624820947647]], "rot": [[1.0, 0.0, 0.0], [0.0, 0.0, -1.0], [0.0, 1.0, 0.0]]}
