{"scale": [[0.22153030335903168, 0.0, 0.0], [0.0, 0.22153030335903168, 0.0], [0.0, 0.0, 0.22153030335903168]], "rot": [[1.0, 0.0, 0.0], [0.0, 0.0, -1.0], [0.0, 1.0, 0.0]]}
