{"scale": [[0.1633802205324173, 0.0, 0.0], [0.0, 0.1633802205324173, 0.0], [0.0, 0.0, 0.1633802205324173]], "rot": [[1.0, 0.0, 0.0], [0.0, 0.0, -1.0], [0.0, 1.0, 0.0]]}
