{"scale": [[0.27834978699684143, 0.0, 0.0], [0.0, 0.27834978699684143, 0.0], [0.0, 0.0, 0.27834978699684143]], "rot": [[1.0, 0.0, 0.0], [0.0, 0.0, -1.0], [0.0, 1.0, 0.0]]}
