{"scale": [[0.15540458261966705, 0.0, 0.0], [0.0, 0.15540458261966705, 0.0], [0.0, 0.0, 0.15540458261966705]], "rot": [[1.0, 0.0, 0.0], [0.0, 0.0, -1.0], [0.0, 1.0, 0.0]]}
