{"scale": [[0.19422128796577454, 0.0, 0.0], [0.0, 0.19422128796577454, 0.0], [0.0, 0.0, 0.19422128796577454]], "rot": [[1.0, 0.0, 0.0], [0.0, 0.0, -1.0], [0.0, 1.0, 0.0]]}
