{"scale": [[0.131184384226799, 0.0, 0.0], [0.0, 0.131184384226799, 0.0], [0.0, 0.0, 0.131184384226799]], "rot": [[1.0, 0.0, 0.0], [0.0, 0.0, -1.0], [0.0, 1.0, 0.0]]}
