{"scale": [[0.2568870484828949, 0.0, 0.0], [0.0, 0.2568870484828949, 0.0], [0.0, 0.0, 0.2568870484828949]], "rot": [[1.0, 0.0, 0.0], [0.0, 0.0, -1.0], [0.0, 1.0, 0.0]]}
