{"scale": [[0.19900551438331604, 0.0, 0.0], [0.0, 0.19900551438331604, 0.0], [0.0, 0.0, 0.19900551438331604]], "rot": [[1.0, 0.0, 0.0], [0.0, 0.0, -1.0], [0.0, 1.0, 0.0]]}
