{"scale": [[0.24595271050930023, 0.0, 0.0], [0.0, 0.24595271050930023, 0.0], [0.0, 0.0, 0.24595271050930023]], "rot": [[1.0, 0.0, 0.0], [0.0, 0.0, -1.0], [0.0, 1.0, 0.0]]}
