{"scale": [[0.21280942857265472, 0.0, 0.0], [0.0, 0.21280942857265472, 0.0], [0.0, 0.0, 0.21280942857265472]], "rot": [[1.0, 0.0, 0.0], [0.0, 0.0, -1.0], [0.0, 1.0, 0.0]]}
