{"scale": [[0.1760837584733963, 0.0, 0.0], [0.0, 0.1760837584733963, 0.0], [0.0, 0.0, 0.1760837584733963]], "rot": [[1.0, 0.0, 0.0], [0.0, 0.0, -1.0], [0.0, 1.0, 0.0]]}
