{"scale": [[0.23370695114135742, 0.0, 0.0], [0.0, 0.23370695114135742, 0.0], [0.0, 0.0, 0.23370695114135742]], "rot": [[1.0, 0.0, 0.0], [0.0, 0.0, -1.0], [0.0, 1.0, 0.0]]}
