{"scale": [[0.1525678187608719, 0.0, 0.0], [0.0, 0.1525678187608719, 0.0], [0.0, 0.0, 0.1525678187608719]], "rot": [[1.0, 0.0, 0.0], [0.0, 0.0, -1.0], [0.0, 1.0, 0.0]]}
