{"scale": [[0.2381700724363327, 0.0, 0.0], [0.0, 0.2381700724363327, 0.0], [0.0, 0.0, 0.2381700724363327]], "rot": [[1.0, 0.0, 0.0], [0.0, 0.0, -1.0], [0.0, 1.0, 0.0]]}
