{"scale": [[0.23380304872989655, 0.0, 0.0], [0.0, 0.23380304872989655, 0.0], [0.0, 0.0, 0.23380304872989655]], "rot": [[1.0, 0.0, 0.0], [0.0, 0.0, -1.0], [0.0, 1.0, 0.0]]}
