{"scale": [[0.2916158437728882, 0.0, 0.0], [0.0, 0.2916158437728882, 0.0], [0.0, 0.0, 0.2916158437728882]], "rot": [[1.0, 0.0, 0.0], [0.0, 0.0, -1.0], [0.0, 1.0, 0.0]]}
