{"scale": [[0.24417516589164734, 0.0, 0.0], [0.0, 0.24417516589164734, 0.0], [0.0, 0.0, 0.24417516589164734]], "rot": [[1.0, 0.0, 0.0], [0.0, 0.0, -1.0], [0.0, 1.0, 0.0]]}
