{"scale": [[0.2613878548145294, 0.0, 0.0], [0.0, 0.2613878548145294, 0.0], [0.0, 0.0, 0.2613878548145294]], "rot": [[1.0, 0.0, 0.0], [0.0, 0.0, -1.0], [0.0, 1.0, 0.0]]}
