{"scale": [[0.17657679319381714, 0.0, 0.0], [0.0, 0.17657679319381714, 0.0], [0.0, 0.0, 0.17657679319381714]], "rot": [[1.0, 0.0, 0.0], [0.0, 0.0, -1.0], [0.0, 1.0, 0.0]]}
