{"scale": [[0.2058015912771225, 0.0, 0.0], [0.0, 0.2058015912771225, 0.0], [0.0, 0.0, 0.2058015912771225]], "rot": [[1.0, 0.0, 0.0], [0.0, 0.0, -1.0], [0.0, 1.0, 0.0]]}
