{"scale": [[0.18565942347049713, 0.0, 0.0], [0.0, 0.18565942347049713, 0.0], [0.0, 0.0, 0.18565942347049713]], "rot": [[1.0, 0.0, 0.0], [0.0, 0.0, -1.0], [0.0, 1.0, 0.0]]}
