{"scale": [[0.26867035031318665, 0.0, 0.0], [0.0, 0.26867035031318665, 0.0], [0.0, 0.0, 0.26867035031318665]], "rot": [[1.0, 0.0, 0.0], [0.0, 0.0, -1.0], [0.0, 1.0, 0.0]]}
