{"scale": [[0.217321515083313, 0.0, 0.0], [0.0, 0.217321515083313, 0.0], [0.0, 0.0, 0.217321515083313]], "rot": [[1.0, 0.0, 0.0], [0.0, 0.0, -1.0], [0.0, 1.0, 0.0]]}
