{"scale": [[0.2971915006637573, 0.0, 0.0], [0.0, 0.2971915006637573, 0.0], [0.0, 0.0, 0.2971915006637573]], "rot": [[1.0, 0.0, 0.0], [0.0, 0.0, -1.0], [0.0, 1.0, 0.0]]}
