{"scale": [[0.1817113608121872, 0.0, 0.0], [0.0, 0.1817113608121872, 0.0], [0.0, 0.0, 0.1817113608121872]], "rot": [[1.0, 0.0, 0.0], [0.0, 0.0, -1.0], [0.0, 1.0, 0.0]]}
