{"scale": [[0.17856962978839874, 0.0, 0.0], [0.0, 0.17856962978839874, 0.0], [0.0, 0.0, 0.17856962978839874]], "rot": [[1.0, 0.0, 0.0], [0.0, 0.0, -1.0], [0.0, 1.0, 0.0]]}
