{"scale": [[0.18651703000068665, 0.0, 0.0], [0.0, 0.18651703000068665, 0.0], [0.0, 0.0, 0.18651703000068665]], "rot": [[1.0, 0.0, 0.0], [0.0, 0.0, -1.0], [0.0, 1.0, 0.0]]}
