{"scale": [[0.24580009281635284, 0.0, 0.0], [0.0, 0.24580009281635284, 0.0], [0.0, 0.0, 0.24580009281635284]], "rot": [[1.0, 0.0, 0.0], [0.0, 0.0, -1.0], [0.0, 1.0, 0.0]]}
