{"scale": [[0.22862359881401062, 0.0, 0.0], [0.0, 0.22862359881401062, 0.0], [0.0, 0.0, 0.22862359881401062]], "rot": [[1.0, 0.0, 0.0], [0.0, 0.0, -1.0], [0.0, 1.0, 0.0]]}
