{"scale": [[0.1475134789943695, 0.0, 0.0], [0.0, 0.1475134789943695, 0.0], [0.0, 0.0, 0.1475134789943695]], "rot": [[1.0, 0.0, 0.0], [0.0, 0.0, -1.0], [0.0, 1.0, 0.0]]}
