{"scale": [[0.23197022080421448, 0.0, 0.0], [0.0, 0.23197022080421448, 0.0], [0.0, 0.0, 0.23197022080421448]], "rot": [[1.0, 0.0, 0.0], [0.0, 0.0, -1.0], [0.0, 1.0, 0.0]]}
