{"scale": [[0.20466971397399902, 0.0, 0.0], [0.0, 0.20466971397399902, 0.0], [0.0, 0.0, 0.20466971397399902]], "rot": [[1.0, 0.0, 0.0], [0.0, 0.0, -1.0], [0.0, 1.0, 0.0]]}
