{"scale": [[0.23717428743839264, 0.0, 0.0], [0.0, 0.23717428743839264, 0.0], [0.0, 0.0, 0.23717428743839264]], "rot": [[1.0, 0.0, 0.0], [0.0, 0.0, -1.0], [0.0, 1.0, 0.0]]}
