{"scale": [[0.2646048963069916, 0.0, 0.0], [0.0, 0.2646048963069916, 0.0], [0.0, 0.0, 0.2646048963069916]], "rot": [[1.0, 0.0, 0.0], [0.0, 0.0, -1.0], [0.0, 1.0, 0.0]]}
