{"scale": [[0.27503126859664917, 0.0, 0.0], [0.0, 0.27503126859664917, 0.0], [0.0, 0.0, 0.27503126859664917]], "rot": [[1.0, 0.0, 0.0], [0.0, 0.0, -1.0], [0.0, 1.0, 0.0]]}
