{"scale": [[0.2983199656009674, 0.0, 0.0], [0.0, 0.2983199656009674, 0.0], [0.0, 0.0, 0.2983199656009674]], "rot": [[1.0, 0.0, 0.0], [0.0, 0.0, -1.0], [0.0, 1.0, 0.0]]}
