{"scale": [[0.1751832664012909, 0.0, 0.0], [0.0, 0.1751832664012909, 0.0], [0.0, 0.0, 0.1751832664012909]], "rot": [[1.0, 0.0, 0.0], [0.0, 0.0, -1.0], [0.0, 1.0, 0.0]]}
