{"scale": [[0.17947858572006226, 0.0, 0.0], [0.0, 0.17947858572006226, 0.0], [0.0, 0.0, 0.17947858572006226]], "rot": [[1.0, 0.0, 0.0], [0.0, 0.0, -1.0], [0.0, 1.0, 0.0]]}
