{"scale": [[0.15598516166210175, 0.0, 0.0], [0.0, 0.15598516166210175, 0.0], [0.0, 0.0, 0.15598516166210175]], "rot": [[1.0, 0.0, 0.0], [0.0, 0.0, -1.0], [0.0, 1.0, 0.0]]}
