{"scale": [[0.1714189648628235, 0.0, 0.0], [0.0, 0.1714189648628235, 0.0], [0.0, 0.0, 0.1714189648628235]], "rot": [[1.0, 0.0, 0.0], [0.0, 0.0, -1.0], [0.0, 1.0, 0.0]]}
