{"scale": [[0.1486130803823471, 0.0, 0.0], [0.0, 0.1486130803823471, 0.0], [0.0, 0.0, 0.1486130803823471]], "rot": [[1.0, 0.0, 0.0], [0.0, 0.0, -1.0], [0.0, 1.0, 0.0]]}
