{"scale": [[0.17843472957611084, 0.0, 0.0], [0.0, 0.17843472957611084, 0.0], [0.0, 0.0, 0.17843472957611084]], "rot": [[1.0, 0.0, 0.0], [0.0, 0.0, -1.0], [0.0, 1.0, 0.0]]}
