{"scale": [[0.28094226121902466, 0.0, 0.0], [0.0, 0.28094226121902466, 0.0], [0.0, 0.0, 0.28094226121902466]], "rot": [[1.0, 0.0, 0.0], [0.0, 0.0, -1.0], [0.0, 1.0, 0.0]]}
