{"scale": [[0.21798637509346008, 0.0, 0.0], [0.0, 0.21798637509346008, 0.0], [0.0, 0.0, 0.21798637509346008]], "rot": [[1.0, 0.0, 0.0], [0.0, 0.0, -1.0], [0.0, 1.0, 0.0]]}
