{"scale": [[0.14760427176952362, 0.0, 0.0], [0.0, 0.14760427176952362, 0.0], [0.0, 0.0, 0.14760427176952362]], "rot": [[1.0, 0.0, 0.0], [0.0, 0.0, -1.0], [0.0, 1.0, 0.0]]}
