{"scale": [[0.23765040934085846, 0.0, 0.0], [0.0, 0.23765040934085846, 0.0], [0.0, 0.0, 0.23765040934085846]], "rot": [[1.0, 0.0, 0.0], [0.0, 0.0, -1.0], [0.0, 1.0, 0.0]]}
