{"scale": [[0.2620741128921509, 0.0, 0.0], [0.0, 0.2620741128921509, 0.0], [0.0, 0.0, 0.2620741128921509]], "rot": [[1.0, 0.0, 0.0], [0.0, 0.0, -1.0], [0.0, 1.0, 0.0]]}
