{"scale": [[0.2824209928512573, 0.0, 0.0], [0.0, 0.2824209928512573, 0.0], [0.0, 0.0, 0.2824209928512573]], "rot": [[1.0, 0.0, 0.0], [0.0, 0.0, -1.0], [0.0, 1.0, 0.0]]}
