{"scale": [[0.22540289163589478, 0.0, 0.0], [0.0, 0.22540289163589478, 0.0], [0.0, 0.0, 0.22540289163589478]], "rot": [[1.0, 0.0, 0.0], [0.0, 0.0, -1.0], [0.0, 1.0, 0.0]]}
