{"scale": [[0.17309415340423584, 0.0, 0.0], [0.0, 0.17309415340423584, 0.0], [0.0, 0.0, 0.17309415340423584]], "rot": [[1.0, 0.0, 0.0], [0.0, 0.0, -1.0], [0.0, 1.0, 0.0]]}
