{"scale": [[0.20538872480392456, 0.0, 0.0], [0.0, 0.20538872480392456, 0.0], [0.0, 0.0, 0.20538872480392456]], "rot": [[1.0, 0.0, 0.0], [0.0, 0.0, -1.0], [0.0, 1.0, 0.0]]}
