{"scale": [[0.1968367099761963, 0.0, 0.0], [0.0, 0.1968367099761963, 0.0], [0.0, 0.0, 0.1968367099761963]], "rot": [[1.0, 0.0, 0.0], [0.0, 0.0, -1.0], [0.0, 1.0, 0.0]]}
