{"scale": [[0.22053147852420807, 0.0, 0.0], [0.0, 0.22053147852420807, 0.0], [0.0, 0.0, 0.22053147852420807]], "rot": [[1.0, 0.0, 0.0], [0.0, 0.0, -1.0], [0.0, 1.0, 0.0]]}
