{"scale": [[0.22792647778987885, 0.0, 0.0], [0.0, 0.22792647778987885, 0.0], [0.0, 0.0, 0.22792647778987885]], "rot": [[1.0, 0.0, 0.0], [0.0, 0.0, -1.0], [0.0, 1.0, 0.0]]}
