{"scale": [[0.21764424443244934, 0.0, 0.0], [0.0, 0.21764424443244934, 0.0], [0.0, 0.0, 0.21764424443244934]], "rot": [[1.0, 0.0, 0.0], [0.0, 0.0, -1.0], [0.0, 1.0, 0.0]]}
