{"scale": [[0.196528822183609, 0.0, 0.0], [0.0, 0.196528822183609, 0.0], [0.0, 0.0, 0.196528822183609]], "rot": [[1.0, 0.0, 0.0], [0.0, 0.0, -1.0], [0.0, 1.0, 0.0]]}
