{"scale": [[0.23214347660541534, 0.0, 0.0], [0.0, 0.23214347660541534, 0.0], [0.0, 0.0, 0.23214347660541534]], "rot": [[1.0, 0.0, 0.0], [0.0, 0.0, -1.0], [0.0, 1.0, 0.0]]}
