{"scale": [[0.2889226973056793, 0.0, 0.0], [0.0, 0.2889226973056793, 0.0], [0.0, 0.0, 0.2889226973056793]], "rot": [[1.0, 0.0, 0.0], [0.0, 0.0, -1.0], [0.0, 1.0, 0.0]]}
