{"scale": [[0.14798305928707123, 0.0, 0.0], [0.0, 0.14798305928707123, 0.0], [0.0, 0.0, 0.14798305928707123]], "rot": [[1.0, 0.0, 0.0], [0.0, 0.0, -1.0], [0.0, 1.0, 0.0]]}
