{"scale": [[0.23143702745437622, 0.0, 0.0], [0.0, 0.23143702745437622, 0.0], [0.0, 0.0, 0.23143702745437622]], "rot": [[1.0, 0.0, 0.0], [0.0, 0.0, -1.0], [0.0, 1.0, 0.0]]}
