{"scale": [[0.17675013840198517, 0.0, 0.0], [0.0, 0.17675013840198517, 0.0], [0.0, 0.0, 0.17675013840198517]], "rot": [[1.0, 0.0, 0.0], [0.0, 0.0, -1.0], [0.0, 1.0, 0.0]]}
