{"scale": [[0.2662631869316101, 0.0, 0.0], [0.0, 0.2662631869316101, 0.0], [0.0, 0.0, 0.2662631869316101]], "rot": [[1.0, 0.0, 0.0], [0.0, 0.0, -1.0], [0.0, 1.0, 0.0]]}
