{"scale": [[0.22146929800510406, 0.0, 0.0], [0.0, 0.22146929800510406, 0.0], [0.0, 0.0, 0.22146929800510406]], "rot": [[1.0, 0.0, 0.0], [0.0, 0.0, -1.0], [0.0, 1.0, 0.0]]}
