{"scale": [[0.1707945019006729, 0.0, 0.0], [0.0, 0.1707945019006729, 0.0], [0.0, 0.0, 0.1707945019006729]], "rot": [[1.0, 0.0, 0.0], [0.0, 0.0, -1.0], [0.0, 1.0, 0.0]]}
