{"scale": [[0.21718740463256836, 0.0, 0.0], [0.0, 0.21718740463256836, 0.0], [0.0, 0.0, 0.21718740463256836]], "rot": [[1.0, 0.0, 0.0], [0.0, 0.0, -1.0], [0.0, 1.0, 0.0]]}
