{"scale": [[0.15463203191757202, 0.0, 0.0], [0.0, 0.15463203191757202, 0.0], [0.0, 0.0, 0.15463203191757202]], "rot": [[1.0, 0.0, 0.0], [0.0, 0.0, -1.0], [0.0, 1.0, 0.0]]}
