{"scale": [[0.17445051670074463, 0.0, 0.0], [0.0, 0.17445051670074463, 0.0], [0.0, 0.0, 0.17445051670074463]], "rot": [[1.0, 0.0, 0.0], [0.0, 0.0, -1.0], [0.0, 1.0, 0.0]]}
