{"scale": [[0.16090847551822662, 0.0, 0.0], [0.0, 0.16090847551822662, 0.0], [0.0, 0.0, 0.16090847551822662]], "rot": [[1.0, 0.0, 0.0], [0.0, 0.0, -1.0], [0.0, 1.0, 0.0]]}
