{"scale": [[0.17567051947116852, 0.0, 0.0], [0.0, 0.17567051947116852, 0.0], [0.0, 0.0, 0.17567051947116852]], "rot": [[1.0, 0.0, 0.0], [0.0, 0.0, -1.0], [0.0, 1.0, 0.0]]}
