{"scale": [[0.1831536889076233, 0.0, 0.0], [0.0, 0.1831536889076233, 0.0], [0.0, 0.0, 0.1831536889076233]], "rot": [[1.0, 0.0, 0.0], [0.0, 0.0, -1.0], [0.0, 1.0, 0.0]]}
