{"scale": [[0.17903099954128265, 0.0, 0.0], [0.0, 0.17903099954128265, 0.0], [0.0, 0.0, 0.17903099954128265]], "rot": [[1.0, 0.0, 0.0], [0.0, 0.0, -1.0], [0.0, 1.0, 0.0]]}
