{"scale": [[0.2036304771900177, 0.0, 0.0], [0.0, 0.2036304771900177, 0.0], [0.0, 0.0, 0.2036304771900177]], "rot": [[1.0, 0.0, 0.0], [0.0, 0.0, -1.0], [0.0, 1.0, 0.0]]}
