{"scale": [[0.238185316324234, 0.0, 0.0], [0.0, 0.238185316324234, 0.0], [0.0, 0.0, 0.238185316324234]], "rot": [[1.0, 0.0, 0.0], [0.0, 0.0, -1.0], [0.0, 1.0, 0.0]]}
