{"scale": [[0.2086191028356552, 0.0, 0.0], [0.0, 0.2086191028356552, 0.0], [0.0, 0.0, 0.2086191028356552]], "rot": [[1.0, 0.0, 0.0], [0.0, 0.0, -1.0], [0.0, 1.0, 0.0]]}
