{"scale": [[0.2633262276649475, 0.0, 0.0], [0.0, 0.2633262276649475, 0.0], [0.0, 0.0, 0.2633262276649475]], "rot": [[1.0, 0.0, 0.0], [0.0, 0.0, -1.0], [0.0, 1.0, 0.0]]}
