{"scale": [[0.15613937377929688, 0.0, 0.0], [0.0, 0.15613937377929688, 0.0], [0.0, 0.0, 0.15613937377929688]], "rot": [[1.0, 0.0, 0.0], [0.0, 0.0, -1.0], [0.0, 1.0, 0.0]]}
