{"scale": [[0.13869206607341766, 0.0, 0.0], [0.0, 0.13869206607341766, 0.0], [0.0, 0.0, 0.13869206607341766]], "rot": [[1.0, 0.0, 0.0], [0.0, 0.0, -1.0], [0.0, 1.0, 0.0]]}
