{"scale": [[0.24360695481300354, 0.0, 0.0], [0.0, 0.24360695481300354, 0.0], [0.0, 0.0, 0.24360695481300354]], "rot": [[1.0, 0.0, 0.0], [0.0, 0.0, -1.0], [0.0, 1.0, 0.0]]}
