{"scale": [[0.28401979804039, 0.0, 0.0], [0.0, 0.28401979804039, 0.0], [0.0, 0.0, 0.28401979804039]], "rot": [[1.0, 0.0, 0.0], [0.0, 0.0, -1.0], [0.0, 1.0, 0.0]]}
