{"scale": [[0.1457049399614334, 0.0, 0.0], [0.0, 0.1457049399614334, 0.0], [0.0, 0.0, 0.1457049399614334]], "rot": [[1.0, 0.0, 0.0], [0.0, 0.0, -1.0], [0.0, 1.0, 0.0]]}
