{"scale": [[0.20335301756858826, 0.0, 0.0], [0.0, 0.20335301756858826, 0.0], [0.0, 0.0, 0.20335301756858826]], "rot": [[1.0, 0.0, 0.0], [0.0, 0.0, -1.0], [0.0, 1.0, 0.0]]}
