{"scale": [[0.29011431336402893, 0.0, 0.0], [0.0, 0.29011431336402893, 0.0], [0.0, 0.0, 0.29011431336402893]], "rot": [[1.0, 0.0, 0.0], [0.0, 0.0, -1.0], [0.0, 1.0, 0.0]]}
