{"scale": [[0.203109472990036, 0.0, 0.0], [0.0, 0.203109472990036, 0.0], [0.0, 0.0, 0.203109472990036]], "rot": [[1.0, 0.0, 0.0], [0.0, 0.0, -1.0], [0.0, 1.0, 0.0]]}
