{"scale": [[0.26715096831321716, 0.0, 0.0], [0.0, 0.26715096831321716, 0.0], [0.0, 0.0, 0.26715096831321716]], "rot": [[1.0, 0.0, 0.0], [0.0, 0.0, -1.0], [0.0, 1.0, 0.0]]}
