{"scale": [[0.15961965918540955, 0.0, 0.0], [0.0, 0.15961965918540955, 0.0], [0.0, 0.0, 0.15961965918540955]], "rot": [[1.0, 0.0, 0.0], [0.0, 0.0, -1.0], [0.0, 1.0, 0.0]]}
