{"scale": [[0.22174985706806183, 0.0, 0.0], [0.0, 0.22174985706806183, 0.0], [0.0, 0.0, 0.22174985706806183]], "rot": [[1.0, 0.0, 0.0], [0.0, 0.0, -1.0], [0.0, 1.0, 0.0]]}
