{"scale": [[0.27156001329421997, 0.0, 0.0], [0.0, 0.27156001329421997, 0.0], [0.0, 0.0, 0.27156001329421997]], "rot": [[1.0, 0.0, 0.0], [0.0, 0.0, -1.0], [0.0, 1.0, 0.0]]}
