{"scale": [[0.2755564749240875, 0.0, 0.0], [0.0, 0.2755564749240875, 0.0], [0.0, 0.0, 0.2755564749240875]], "rot": [[1.0, 0.0, 0.0], [0.0, 0.0, -1.0], [0.0, 1.0, 0.0]]}
