{"scale": [[0.27791377902030945, 0.0, 0.0], [0.0, 0.27791377902030945, 0.0], [0.0, 0.0, 0.27791377902030945]], "rot": [[1.0, 0.0, 0.0], [0.0, 0.0, -1.0], [0.0, 1.0, 0.0]]}
