{"scale": [[0.16288058459758759, 0.0, 0.0], [0.0, 0.16288058459758759, 0.0], [0.0, 0.0, 0.16288058459758759]], "rot": [[1.0, 0.0, 0.0], [0.0, 0.0, -1.0], [0.0, 1.0, 0.0]]}
