{"scale": [[0.17301592230796814, 0.0, 0.0], [0.0, 0.17301592230796814, 0.0], [0.0, 0.0, 0.17301592230796814]], "rot": [[1.0, 0.0, 0.0], [0.0, 0.0, -1.0], [0.0, 1.0, 0.0]]}
