{"scale": [[0.1744539439678192, 0.0, 0.0], [0.0, 0.1744539439678192, 0.0], [0.0, 0.0, 0.1744539439678192]], "rot": [[1.0, 0.0, 0.0], [0.0, 0.0, -1.0], [0.0, 1.0, 0.0]]}
