{"scale": [[0.16794191300868988, 0.0, 0.0], [0.0, 0.16794191300868988, 0.0], [0.0, 0.0, 0.16794191300868988]], "rot": [[1.0, 0.0, 0.0], [0.0, 0.0, -1.0], [0.0, 1.0, 0.0]]}
