{"scale": [[0.2208089679479599, 0.0, 0.0], [0.0, 0.2208089679479599, 0.0], [0.0, 0.0, 0.2208089679479599]], "rot": [[1.0, 0.0, 0.0], [0.0, 0.0, -1.0], [0.0, 1.0, 0.0]]}
