{"scale": [[0.23923562467098236, 0.0, 0.0], [0.0, 0.23923562467098236, 0.0], [0.0, 0.0, 0.23923562467098236]], "rot": [[1.0, 0.0, 0.0], [0.0, 0.0, -1.0], [0.0, 1.0, 0.0]]}
