{"scale": [[0.13101549446582794, 0.0, 0.0], [0.0, 0.13101549446582794, 0.0], [0.0, 0.0, 0.13101549446582794]], "rot": [[1.0, 0.0, 0.0], [0.0, 0.0, -1.0], [0.0, 1.0, 0.0]]}
