{"scale": [[0.19682621955871582, 0.0, 0.0], [0.0, 0.19682621955871582, 0.0], [0.0, 0.0, 0.19682621955871582]], "rot": [[1.0, 0.0, 0.0], [0.0, 0.0, -1.0], [0.0, 1.0, 0.0]]}
