{"scale": [[0.21157114207744598, 0.0, 0.0], [0.0, 0.21157114207744598, 0.0], [0.0, 0.0, 0.21157114207744598]], "rot": [[1.0, 0.0, 0.0], [0.0, 0.0, -1.0], [0.0, 1.0, 0.0]]}
