{"scale": [[0.24250082671642303, 0.0, 0.0], [0.0, 0.24250082671642303, 0.0], [0.0, 0.0, 0.24250082671642303]], "rot": [[1.0, 0.0, 0.0], [0.0, 0.0, -1.0], [0.0, 1.0, 0.0]]}
