{"scale": [[0.2297482192516327, 0.0, 0.0], [0.0, 0.2297482192516327, 0.0], [0.0, 0.0, 0.2297482192516327]], "rot": [[1.0, 0.0, 0.0], [0.0, 0.0, -1.0], [0.0, 1.0, 0.0]]}
