{"scale": [[0.20760172605514526, 0.0, 0.0], [0.0, 0.20760172605514526, 0.0], [0.0, 0.0, 0.20760172605514526]], "rot": [[1.0, 0.0, 0.0], [0.0, 0.0, -1.0], [0.0, 1.0, 0.0]]}
