{"scale": [[0.2230919599533081, 0.0, 0.0], [0.0, 0.2230919599533081, 0.0], [0.0, 0.0, 0.2230919599533081]], "rot": [[1.0, 0.0, 0.0], [0.0, 0.0, -1.0], [0.0, 1.0, 0.0]]}
