{"scale": [[0.16703304648399353, 0.0, 0.0], [0.0, 0.16703304648399353, 0.0], [0.0, 0.0, 0.16703304648399353]], "rot": [[1.0, 0.0, 0.0], [0.0, 0.0, -1.0], [0.0, 1.0, 0.0]]}
