{"scale": [[0.15497158467769623, 0.0, 0.0], [0.0, 0.15497158467769623, 0.0], [0.0, 0.0, 0.15497158467769623]], "rot": [[1.0, 0.0, 0.0], [0.0, 0.0, -1.0], [0.0, 1.0, 0.0]]}
