{"scale": [[0.2424333691596985, 0.0, 0.0], [0.0, 0.2424333691596985, 0.0], [0.0, 0.0, 0.2424333691596985]], "rot": [[1.0, 0.0, 0.0], [0.0, 0.0, -1.0], [0.0, 1.0, 0.0]]}
