{"scale": [[0.2591927647590637, 0.0, 0.0], [0.0, 0.2591927647590637, 0.0], [0.0, 0.0, 0.2591927647590637]], "rot": [[1.0, 0.0, 0.0], [0.0, 0.0, -1.0], [0.0, 1.0, 0.0]]}
