{"scale": [[0.26836398243904114, 0.0, 0.0], [0.0, 0.26836398243904114, 0.0], [0.0, 0.0, 0.26836398243904114]], "rot": [[1.0, 0.0, 0.0], [0.0, 0.0, -1.0], [0.0, 1.0, 0.0]]}
