{"scale": [[0.20452602207660675, 0.0, 0.0], [0.0, 0.20452602207660675, 0.0], [0.0, 0.0, 0.20452602207660675]], "rot": [[1.0, 0.0, 0.0], [0.0, 0.0, -1.0], [0.0, 1.0, 0.0]]}
