{"scale": [[0.23400567471981049, 0.0, 0.0], [0.0, 0.23400567471981049, 0.0], [0.0, 0.0, 0.23400567471981049]], "rot": [[1.0, 0.0, 0.0], [0.0, 0.0, -1.0], [0.0, 1.0, 0.0]]}
