{"scale": [[0.18559856712818146, 0.0, 0.0], [0.0, 0.18559856712818146, 0.0], [0.0, 0.0, 0.18559856712818146]], "rot": [[1.0, 0.0, 0.0], [0.0, 0.0, -1.0], [0.0, 1.0, 0.0]]}
