{"scale": [[0.20978769659996033, 0.0, 0.0], [0.0, 0.20978769659996033, 0.0], [0.0, 0.0, 0.20978769659996033]], "rot": [[1.0, 0.0, 0.0], [0.0, 0.0, -1.0], [0.0, 1.0, 0.0]]}
