{"scale": [[0.21180963516235352, 0.0, 0.0], [0.0, 0.21180963516235352, 0.0], [0.0, 0.0, 0.21180963516235352]], "rot": [[1.0, 0.0, 0.0], [0.0, 0.0, -1.0], [0.0, 1.0, 0.0]]}
