{"scale": [[0.2074700891971588, 0.0, 0.0], [0.0, 0.2074700891971588, 0.0], [0.0, 0.0, 0.2074700891971588]], "rot": [[1.0, 0.0, 0.0], [0.0, 0.0, -1.0], [0.0, 1.0, 0.0]]}
