{"scale": [[0.1582837849855423, 0.0, 0.0], [0.0, 0.1582837849855423, 0.0], [0.0, 0.0, 0.1582837849855423]], "rot": [[1.0, 0.0, 0.0], [0.0, 0.0, -1.0], [0.0, 1.0, 0.0]]}
