{"scale": [[0.2803792655467987, 0.0, 0.0], [0.0, 0.2803792655467987, 0.0], [0.0, 0.0, 0.2803792655467987]], "rot": [[1.0, 0.0, 0.0], [0.0, 0.0, -1.0], [0.0, 1.0, 0.0]]}
