{"scale": [[0.20371542870998383, 0.0, 0.0], [0.0, 0.20371542870998383, 0.0], [0.0, 0.0, 0.20371542870998383]], "rot": [[1.0, 0.0, 0.0], [0.0, 0.0, -1.0], [0.0, 1.0, 0.0]]}
