{"scale": [[0.20412887632846832, 0.0, 0.0], [0.0, 0.20412887632846832, 0.0], [0.0, 0.0, 0.20412887632846832]], "rot": [[1.0, 0.0, 0.0], [0.0, 0.0, -1.0], [0.0, 1.0, 0.0]]}
