{"scale": [[0.1425100564956665, 0.0, 0.0], [0.0, 0.1425100564956665, 0.0], [0.0, 0.0, 0.1425100564956665]], "rot": [[1.0, 0.0, 0.0], [0.0, 0.0, -1.0], [0.0, 1.0, 0.0]]}
