{"scale": [[0.2826845645904541, 0.0, 0.0], [0.0, 0.2826845645904541, 0.0], [0.0, 0.0, 0.2826845645904541]], "rot": [[1.0, 0.0, 0.0], [0.0, 0.0, -1.0], [0.0, 1.0, 0.0]]}
