{"scale": [[0.22601750493049622, 0.0, 0.0], [0.0, 0.22601750493049622, 0.0], [0.0, 0.0, 0.22601750493049622]], "rot": [[1.0, 0.0, 0.0], [0.0, 0.0, -1.0], [0.0, 1.0, 0.0]]}
