{"scale": [[0.17368625104427338, 0.0, 0.0], [0.0, 0.17368625104427338, 0.0], [0.0, 0.0, 0.17368625104427338]], "rot": [[1.0, 0.0, 0.0], [0.0, 0.0, -1.0], [0.0, 1.0, 0.0]]}
