{"scale": [[0.2420502007007599, 0.0, 0.0], [0.0, 0.2420502007007599, 0.0], [0.0, 0.0, 0.2420502007007599]], "rot": [[1.0, 0.0, 0.0], [0.0, 0.0, -1.0], [0.0, 1.0, 0.0]]}
