{"scale": [[0.20874230563640594, 0.0, 0.0], [0.0, 0.20874230563640594, 0.0], [0.0, 0.0, 0.20874230563640594]], "rot": [[1.0, 0.0, 0.0], [0.0, 0.0, -1.0], [0.0, 1.0, 0.0]]}
