{"scale": [[0.15445159375667572, 0.0, 0.0], [0.0, 0.15445159375667572, 0.0], [0.0, 0.0, 0.15445159375667572]], "rot": [[1.0, 0.0, 0.0], [0.0, 0.0, -1.0], [0.0, 1.0, 0.0]]}
