{"scale": [[0.23771430552005768, 0.0, 0.0], [0.0, 0.23771430552005768, 0.0], [0.0, 0.0, 0.23771430552005768]], "rot": [[1.0, 0.0, 0.0], [0.0, 0.0, -1.0], [0.0, 1.0, 0.0]]}
