{"scale": [[0.286734938621521, 0.0, 0.0], [0.0, 0.286734938621521, 0.0], [0.0, 0.0, 0.286734938621521]], "rot": [[1.0, 0.0, 0.0], [0.0, 0.0, -1.0], [0.0, 1.0, 0.0]]}
