{"scale": [[0.20727649331092834, 0.0, 0.0], [0.0, 0.20727649331092834, 0.0], [0.0, 0.0, 0.20727649331092834]], "rot": [[1.0, 0.0, 0.0], [0.0, 0.0, -1.0], [0.0, 1.0, 0.0]]}
