{"scale": [[0.2774311304092407, 0.0, 0.0], [0.0, 0.2774311304092407, 0.0], [0.0, 0.0, 0.2774311304092407]], "rot": [[1.0, 0.0, 0.0], [0.0, 0.0, -1.0], [0.0, 1.0, 0.0]]}
