{"scale": [[0.2574479579925537, 0.0, 0.0], [0.0, 0.2574479579925537, 0.0], [0.0, 0.0, 0.2574479579925537]], "rot": [[1.0, 0.0, 0.0], [0.0, 0.0, -1.0], [0.0, 1.0, 0.0]]}
