{"scale": [[0.21161451935768127, 0.0, 0.0], [0.0, 0.21161451935768127, 0.0], [0.0, 0.0, 0.21161451935768127]], "rot": [[1.0, 0.0, 0.0], [0.0, 0.0, -1.0], [0.0, 1.0, 0.0]]}
