{"scale": [[0.16587120294570923, 0.0, 0.0], [0.0, 0.16587120294570923, 0.0], [0.0, 0.0, 0.16587120294570923]], "rot": [[1.0, 0.0, 0.0], [0.0, 0.0, -1.0], [0.0, 1.0, 0.0]]}
