{"scale": [[0.1974005103111267, 0.0, 0.0], [0.0, 0.1974005103111267, 0.0], [0.0, 0.0, 0.1974005103111267]], "rot": [[1.0, 0.0, 0.0], [0.0, 0.0, -1.0], [0.0, 1.0, 0.0]]}
