{"scale": [[0.23067235946655273, 0.0, 0.0], [0.0, 0.23067235946655273, 0.0], [0.0, 0.0, 0.23067235946655273]], "rot": [[1.0, 0.0, 0.0], [0.0, 0.0, -1.0], [0.0, 1.0, 0.0]]}
