{"scale": [[0.15823297202587128, 0.0, 0.0], [0.0, 0.15823297202587128, 0.0], [0.0, 0.0, 0.15823297202587128]], "rot": [[1.0, 0.0, 0.0], [0.0, 0.0, -1.0], [0.0, 1.0, 0.0]]}
