{"scale": [[0.2067432403564453, 0.0, 0.0], [0.0, 0.2067432403564453, 0.0], [0.0, 0.0, 0.2067432403564453]], "rot": [[1.0, 0.0, 0.0], [0.0, 0.0, -1.0], [0.0, 1.0, 0.0]]}
