{"scale": [[0.213307723402977, 0.0, 0.0], [0.0, 0.213307723402977, 0.0], [0.0, 0.0, 0.213307723402977]], "rot": [[1.0, 0.0, 0.0], [0.0, 0.0, -1.0], [0.0, 1.0, 0.0]]}
