{"scale": [[0.15501834452152252, 0.0, 0.0], [0.0, 0.15501834452152252, 0.0], [0.0, 0.0, 0.15501834452152252]], "rot": [[1.0, 0.0, 0.0], [0.0, 0.0, -1.0], [0.0, 1.0, 0.0]]}
