{"scale": [[0.1627058982849121, 0.0, 0.0], [0.0, 0.1627058982849121, 0.0], [0.0, 0.0, 0.1627058982849121]], "rot": [[1.0, 0.0, 0.0], [0.0, 0.0, -1.0], [0.0, 1.0, 0.0]]}
