{"scale": [[0.2098148912191391, 0.0, 0.0], [0.0, 0.2098148912191391, 0.0], [0.0, 0.0, 0.2098148912191391]], "rot": [[1.0, 0.0, 0.0], [0.0, 0.0, -1.0], [0.0, 1.0, 0.0]]}
