{"scale": [[0.23658187687397003, 0.0, 0.0], [0.0, 0.23658187687397003, 0.0], [0.0, 0.0, 0.23658187687397003]], "rot": [[1.0, 0.0, 0.0], [0.0, 0.0, -1.0], [0.0, 1.0, 0.0]]}
