{"scale": [[0.2930642366409302, 0.0, 0.0], [0.0, 0.2930642366409302, 0.0], [0.0, 0.0, 0.2930642366409302]], "rot": [[1.0, 0.0, 0.0], [0.0, 0.0, -1.0], [0.0, 1.0, 0.0]]}
