{"scale": [[0.1615125834941864, 0.0, 0.0], [0.0, 0.1615125834941864, 0.0], [0.0, 0.0, 0.1615125834941864]], "rot": [[1.0, 0.0, 0.0], [0.0, 0.0, -1.0], [0.0, 1.0, 0.0]]}
