{"scale": [[0.14314641058444977, 0.0, 0.0], [0.0, 0.14314641058444977, 0.0], [0.0, 0.0, 0.14314641058444977]], "rot": [[1.0, 0.0, 0.0], [0.0, 0.0, -1.0], [0.0, 1.0, 0.0]]}
