{"scale": [[0.1954614222049713, 0.0, 0.0], [0.0, 0.1954614222049713, 0.0], [0.0, 0.0, 0.1954614222049713]], "rot": [[1.0, 0.0, 0.0], [0.0, 0.0, -1.0], [0.0, 1.0, 0.0]]}
