{"scale": [[0.23470717668533325, 0.0, 0.0], [0.0, 0.23470717668533325, 0.0], [0.0, 0.0, 0.23470717668533325]], "rot": [[1.0, 0.0, 0.0], [0.0, 0.0, -1.0], [0.0, 1.0, 0.0]]}
