{"scale": [[0.1924012303352356, 0.0, 0.0], [0.0, 0.1924012303352356, 0.0], [0.0, 0.0, 0.1924012303352356]], "rot": [[1.0, 0.0, 0.0], [0.0, 0.0, -1.0], [0.0, 1.0, 0.0]]}
