{"scale": [[0.23184913396835327, 0.0, 0.0], [0.0, 0.23184913396835327, 0.0], [0.0, 0.0, 0.23184913396835327]], "rot": [[1.0, 0.0, 0.0], [0.0, 0.0, -1.0], [0.0, 1.0, 0.0]]}
