{"scale": [[0.15677836537361145, 0.0, 0.0], [0.0, 0.15677836537361145, 0.0], [0.0, 0.0, 0.15677836537361145]], "rot": [[1.0, 0.0, 0.0], [0.0, 0.0, -1.0], [0.0, 1.0, 0.0]]}
