{"scale": [[0.2117171585559845, 0.0, 0.0], [0.0, 0.2117171585559845, 0.0], [0.0, 0.0, 0.2117171585559845]], "rot": [[1.0, 0.0, 0.0], [0.0, 0.0, -1.0], [0.0, 1.0, 0.0]]}
