{"scale": [[0.16595566272735596, 0.0, 0.0], [0.0, 0.16595566272735596, 0.0], [0.0, 0.0, 0.16595566272735596]], "rot": [[1.0, 0.0, 0.0], [0.0, 0.0, -1.0], [0.0, 1.0, 0.0]]}
