{"scale": [[0.21423114836215973, 0.0, 0.0], [0.0, 0.21423114836215973, 0.0], [0.0, 0.0, 0.21423114836215973]], "rot": [[1.0, 0.0, 0.0], [0.0, 0.0, -1.0], [0.0, 1.0, 0.0]]}
