{"scale": [[0.18601471185684204, 0.0, 0.0], [0.0, 0.18601471185684204, 0.0], [0.0, 0.0, 0.18601471185684204]], "rot": [[1.0, 0.0, 0.0], [0.0, 0.0, -1.0], [0.0, 1.0, 0.0]]}
