{"scale": [[0.22125603258609772, 0.0, 0.0], [0.0, 0.22125603258609772, 0.0], [0.0, 0.0, 0.22125603258609772]], "rot": [[1.0, 0.0, 0.0], [0.0, 0.0, -1.0], [0.0, 1.0, 0.0]]}
