{"scale": [[0.23489457368850708, 0.0, 0.0], [0.0, 0.23489457368850708, 0.0], [0.0, 0.0, 0.23489457368850708]], "rot": [[1.0, 0.0, 0.0], [0.0, 0.0, -1.0], [0.0, 1.0, 0.0]]}
