{"scale": [[0.22599326074123383, 0.0, 0.0], [0.0, 0.22599326074123383, 0.0], [0.0, 0.0, 0.22599326074123383]], "rot": [[1.0, 0.0, 0.0], [0.0, 0.0, -1.0], [0.0, 1.0, 0.0]]}
