{"scale": [[0.2839350402355194, 0.0, 0.0], [0.0, 0.2839350402355194, 0.0], [0.0, 0.0, 0.2839350402355194]], "rot": [[1.0, 0.0, 0.0], [0.0, 0.0, -1.0], [0.0, 1.0, 0.0]]}
