{"scale": [[0.2077319473028183, 0.0, 0.0], [0.0, 0.2077319473028183, 0.0], [0.0, 0.0, 0.2077319473028183]], "rot": [[1.0, 0.0, 0.0], [0.0, 0.0, -1.0], [0.0, 1.0, 0.0]]}
