{"scale": [[0.24386082589626312, 0.0, 0.0], [0.0, 0.24386082589626312, 0.0], [0.0, 0.0, 0.24386082589626312]], "rot": [[1.0, 0.0, 0.0], [0.0, 0.0, -1.0], [0.0, 1.0, 0.0]]}
