{"scale": [[0.20353959500789642, 0.0, 0.0], [0.0, 0.20353959500789642, 0.0], [0.0, 0.0, 0.20353959500789642]], "rot": [[1.0, 0.0, 0.0], [0.0, 0.0, -1.0], [0.0, 1.0, 0.0]]}
