{"scale": [[0.20434680581092834, 0.0, 0.0], [0.0, 0.20434680581092834, 0.0], [0.0, 0.0, 0.20434680581092834]], "rot": [[1.0, 0.0, 0.0], [0.0, 0.0, -1.0], [0.0, 1.0, 0.0]]}
