{"scale": [[0.28416627645492554, 0.0, 0.0], [0.0, 0.28416627645492554, 0.0], [0.0, 0.0, 0.28416627645492554]], "rot": [[1.0, 0.0, 0.0], [0.0, 0.0, -1.0], [0.0, 1.0, 0.0]]}
