{"scale": [[0.16375847160816193, 0.0, 0.0], [0.0, 0.16375847160816193, 0.0], [0.0, 0.0, 0.16375847160816193]], "rot": [[1.0, 0.0, 0.0], [0.0, 0.0, -1.0], [0.0, 1.0, 0.0]]}
