{"scale": [[0.12655360996723175, 0.0, 0.0], [0.0, 0.12655360996723175, 0.0], [0.0, 0.0, 0.12655360996723175]], "rot": [[1.0, 0.0, 0.0], [0.0, 0.0, -1.0], [0.0, 1.0, 0.0]]}
