{"scale": [[0.22381344437599182, 0.0, 0.0], [0.0, 0.22381344437599182, 0.0], [0.0, 0.0, 0.22381344437599182]], "rot": [[1.0, 0.0, 0.0], [0.0, 0.0, -1.0], [0.0, 1.0, 0.0]]}
