{"scale": [[0.20587654411792755, 0.0, 0.0], [0.0, 0.20587654411792755, 0.0], [0.0, 0.0, 0.20587654411792755]], "rot": [[1.0, 0.0, 0.0], [0.0, 0.0, -1.0], [0.0, 1.0, 0.0]]}
