{"scale": [[0.1858319193124771, 0.0, 0.0], [0.0, 0.1858319193124771, 0.0], [0.0, 0.0, 0.1858319193124771]], "rot": [[1.0, 0.0, 0.0], [0.0, 0.0, -1.0], [0.0, 1.0, 0.0]]}
