{"scale": [[0.15577079355716705, 0.0, 0.0], [0.0, 0.15577079355716705, 0.0], [0.0, 0.0, 0.15577079355716705]], "rot": [[1.0, 0.0, 0.0], [0.0, 0.0, -1.0], [0.0, 1.0, 0.0]]}
