{"scale": [[0.23219673335552216, 0.0, 0.0], [0.0, 0.23219673335552216, 0.0], [0.0, 0.0, 0.23219673335552216]], "rot": [[1.0, 0.0, 0.0], [0.0, 0.0, -1.0], [0.0, 1.0, 0.0]]}
