{"scale": [[0.23715074360370636, 0.0, 0.0], [0.0, 0.23715074360370636, 0.0], [0.0, 0.0, 0.23715074360370636]], "rot": [[1.0, 0.0, 0.0], [0.0, 0.0, -1.0], [0.0, 1.0, 0.0]]}
