{"scale": [[0.21039390563964844, 0.0, 0.0], [0.0, 0.21039390563964844, 0.0], [0.0, 0.0, 0.21039390563964844]], "rot": [[1.0, 0.0, 0.0], [0.0, 0.0, -1.0], [0.0, 1.0, 0.0]]}
