{"scale": [[0.15986299514770508, 0.0, 0.0], [0.0, 0.15986299514770508, 0.0], [0.0, 0.0, 0.15986299514770508]], "rot": [[1.0, 0.0, 0.0], [0.0, 0.0, -1.0], [0.0, 1.0, 0.0]]}
