{"scale": [[0.2260725051164627, 0.0, 0.0], [0.0, 0.2260725051164627, 0.0], [0.0, 0.0, 0.2260725051164627]], "rot": [[1.0, 0.0, 0.0], [0.0, 0.0, -1.0], [0.0, 1.0, 0.0]]}
