{"scale": [[0.21151122450828552, 0.0, 0.0], [0.0, 0.21151122450828552, 0.0], [0.0, 0.0, 0.21151122450828552]], "rot": [[1.0, 0.0, 0.0], [0.0, 0.0, -1.0], [0.0, 1.0, 0.0]]}
