{"scale": [[0.225430428981781, 0.0, 0.0], [0.0, 0.225430428981781, 0.0], [0.0, 0.0, 0.225430428981781]], "rot": [[1.0, 0.0, 0.0], [0.0, 0.0, -1.0], [0.0, 1.0, 0.0]]}
