{"scale": [[0.20534224808216095, 0.0, 0.0], [0.0, 0.20534224808216095, 0.0], [0.0, 0.0, 0.20534224808216095]], "rot": [[1.0, 0.0, 0.0], [0.0, 0.0, -1.0], [0.0, 1.0, 0.0]]}
