{"scale": [[0.2843897342681885, 0.0, 0.0], [0.0, 0.2843897342681885, 0.0], [0.0, 0.0, 0.2843897342681885]], "rot": [[1.0, 0.0, 0.0], [0.0, 0.0, -1.0], [0.0, 1.0, 0.0]]}
