{"scale": [[0.2411787211894989, 0.0, 0.0], [0.0, 0.2411787211894989, 0.0], [0.0, 0.0, 0.2411787211894989]], "rot": [[1.0, 0.0, 0.0], [0.0, 0.0, -1.0], [0.0, 1.0, 0.0]]}
