{"scale": [[0.17496848106384277, 0.0, 0.0], [0.0, 0.17496848106384277, 0.0], [0.0, 0.0, 0.17496848106384277]], "rot": [[1.0, 0.0, 0.0], [0.0, 0.0, -1.0], [0.0, 1.0, 0.0]]}
