{"scale": [[0.23798523843288422, 0.0, 0.0], [0.0, 0.23798523843288422, 0.0], [0.0, 0.0, 0.23798523843288422]], "rot": [[1.0, 0.0, 0.0], [0.0, 0.0, -1.0], [0.0, 1.0, 0.0]]}
