{"scale": [[0.16316930949687958, 0.0, 0.0], [0.0, 0.16316930949687958, 0.0], [0.0, 0.0, 0.16316930949687958]], "rot": [[1.0, 0.0, 0.0], [0.0, 0.0, -1.0], [0.0, 1.0, 0.0]]}
