{"scale": [[0.2659044563770294, 0.0, 0.0], [0.0, 0.2659044563770294, 0.0], [0.0, 0.0, 0.2659044563770294]], "rot": [[1.0, 0.0, 0.0], [0.0, 0.0, -1.0], [0.0, 1.0, 0.0]]}
