{"scale": [[0.17651699483394623, 0.0, 0.0], [0.0, 0.17651699483394623, 0.0], [0.0, 0.0, 0.17651699483394623]], "rot": [[1.0, 0.0, 0.0], [0.0, 0.0, -1.0], [0.0, 1.0, 0.0]]}
