{"scale": [[0.1635003387928009, 0.0, 0.0], [0.0, 0.1635003387928009, 0.0], [0.0, 0.0, 0.1635003387928009]], "rot": [[1.0, 0.0, 0.0], [0.0, 0.0, -1.0], [0.0, 1.0, 0.0]]}
