{"scale": [[0.20690977573394775, 0.0, 0.0], [0.0, 0.20690977573394775, 0.0], [0.0, 0.0, 0.20690977573394775]], "rot": [[1.0, 0.0, 0.0], [0.0, 0.0, -1.0], [0.0, 1.0, 0.0]]}
