{"scale": [[0.16684332489967346, 0.0, 0.0], [0.0, 0.16684332489967346, 0.0], [0.0, 0.0, 0.16684332489967346]], "rot": [[1.0, 0.0, 0.0], [0.0, 0.0, -1.0], [0.0, 1.0, 0.0]]}
