{"scale": [[0.20381033420562744, 0.0, 0.0], [0.0, 0.20381033420562744, 0.0], [0.0, 0.0, 0.20381033420562744]], "rot": [[1.0, 0.0, 0.0], [0.0, 0.0, -1.0], [0.0, 1.0, 0.0]]}
