{"scale": [[0.20361463725566864, 0.0, 0.0], [0.0, 0.20361463725566864, 0.0], [0.0, 0.0, 0.20361463725566864]], "rot": [[1.0, 0.0, 0.0], [0.0, 0.0, -1.0], [0.0, 1.0, 0.0]]}
