{"scale": [[0.2944915294647217, 0.0, 0.0], [0.0, 0.2944915294647217, 0.0], [0.0, 0.0, 0.2944915294647217]], "rot": [[1.0, 0.0, 0.0], [0.0, 0.0, -1.0], [0.0, 1.0, 0.0]]}
