{"scale": [[0.17045632004737854, 0.0, 0.0], [0.0, 0.17045632004737854, 0.0], [0.0, 0.0, 0.17045632004737854]], "rot": [[1.0, 0.0, 0.0], [0.0, 0.0, -1.0], [0.0, 1.0, 0.0]]}
