{"scale": [[0.21960791945457458, 0.0, 0.0], [0.0, 0.21960791945457458, 0.0], [0.0, 0.0, 0.21960791945457458]], "rot": [[1.0, 0.0, 0.0], [0.0, 0.0, -1.0], [0.0, 1.0, 0.0]]}
