{"scale": [[0.13258062303066254, 0.0, 0.0], [0.0, 0.13258062303066254, 0.0], [0.0, 0.0, 0.13258062303066254]], "rot": [[1.0, 0.0, 0.0], [0.0, 0.0, -1.0], [0.0, 1.0, 0.0]]}
