{"scale": [[0.16547204554080963, 0.0, 0.0], [0.0, 0.16547204554080963, 0.0], [0.0, 0.0, 0.16547204554080963]], "rot": [[1.0, 0.0, 0.0], [0.0, 0.0, -1.0], [0.0, 1.0, 0.0]]}
