{"scale": [[0.28668028116226196, 0.0, 0.0], [0.0, 0.28668028116226196, 0.0], [0.0, 0.0, 0.28668028116226196]], "rot": [[1.0, 0.0, 0.0], [0.0, 0.0, -1.0], [0.0, 1.0, 0.0]]}
