{"scale": [[0.2724510431289673, 0.0, 0.0], [0.0, 0.2724510431289673, 0.0], [0.0, 0.0, 0.2724510431289673]], "rot": [[1.0, 0.0, 0.0], [0.0, 0.0, -1.0], [0.0, 1.0, 0.0]]}
