{"scale": [[0.1336258053779602, 0.0, 0.0], [0.0, 0.1336258053779602, 0.0], [0.0, 0.0, 0.1336258053779602]], "rot": [[1.0, 0.0, 0.0], [0.0, 0.0, -1.0], [0.0, 1.0, 0.0]]}
