{"scale": [[0.17153975367546082, 0.0, 0.0], [0.0, 0.17153975367546082, 0.0], [0.0, 0.0, 0.17153975367546082]], "rot": [[1.0, 0.0, 0.0], [0.0, 0.0, -1.0], [0.0, 1.0, 0.0]]}
