{"scale": [[0.17206889390945435, 0.0, 0.0], [0.0, 0.17206889390945435, 0.0], [0.0, 0.0, 0.17206889390945435]], "rot": [[1.0, 0.0, 0.0], [0.0, 0.0, -1.0], [0.0, 1.0, 0.0]]}
