{"scale": [[0.1879122257232666, 0.0, 0.0], [0.0, 0.1879122257232666, 0.0], [0.0, 0.0, 0.1879122257232666]], "rot": [[1.0, 0.0, 0.0], [0.0, 0.0, -1.0], [0.0, 1.0, 0.0]]}
