{"scale": [[0.15721088647842407, 0.0, 0.0], [0.0, 0.15721088647842407, 0.0], [0.0, 0.0, 0.15721088647842407]], "rot": [[1.0, 0.0, 0.0], [0.0, 0.0, -1.0], [0.0, 1.0, 0.0]]}
