{"scale": [[0.15299086272716522, 0.0, 0.0], [0.0, 0.15299086272716522, 0.0], [0.0, 0.0, 0.15299086272716522]], "rot": [[1.0, 0.0, 0.0], [0.0, 0.0, -1.0], [0.0, 1.0, 0.0]]}
