{"scale": [[0.20613624155521393, 0.0, 0.0], [0.0, 0.20613624155521393, 0.0], [0.0, 0.0, 0.20613624155521393]], "rot": [[1.0, 0.0, 0.0], [0.0, 0.0, -1.0], [0.0, 1.0, 0.0]]}
