{"scale": [[0.25946104526519775, 0.0, 0.0], [0.0, 0.25946104526519775, 0.0], [0.0, 0.0, 0.25946104526519775]], "rot": [[1.0, 0.0, 0.0], [0.0, 0.0, -1.0], [0.0, 1.0, 0.0]]}
