{"scale": [[0.2366071492433548, 0.0, 0.0], [0.0, 0.2366071492433548, 0.0], [0.0, 0.0, 0.2366071492433548]], "rot": [[1.0, 0.0, 0.0], [0.0, 0.0, -1.0], [0.0, 1.0, 0.0]]}
