{"scale": [[0.22159132361412048, 0.0, 0.0], [0.0, 0.22159132361412048, 0.0], [0.0, 0.0, 0.22159132361412048]], "rot": [[1.0, 0.0, 0.0], [0.0, 0.0, -1.0], [0.0, 1.0, 0.0]]}
