{"scale": [[0.15964294970035553, 0.0, 0.0], [0.0, 0.15964294970035553, 0.0], [0.0, 0.0, 0.15964294970035553]], "rot": [[1.0, 0.0, 0.0], [0.0, 0.0, -1.0], [0.0, 1.0, 0.0]]}
