{"scale": [[0.1587250977754593, 0.0, 0.0], [0.0, 0.1587250977754593, 0.0], [0.0, 0.0, 0.1587250977754593]], "rot": [[1.0, 0.0, 0.0], [0.0, 0.0, -1.0], [0.0, 1.0, 0.0]]}
