{"scale": [[0.2292822152376175, 0.0, 0.0], [0.0, 0.2292822152376175, 0.0], [0.0, 0.0, 0.2292822152376175]], "rot": [[1.0, 0.0, 0.0], [0.0, 0.0, -1.0], [0.0, 1.0, 0.0]]}
