{"scale": [[0.20616953074932098, 0.0, 0.0], [0.0, 0.20616953074932098, 0.0], [0.0, 0.0, 0.20616953074932098]], "rot": [[1.0, 0.0, 0.0], [0.0, 0.0, -1.0], [0.0, 1.0, 0.0]]}
