{"scale": [[0.17070452868938446, 0.0, 0.0], [0.0, 0.17070452868938446, 0.0], [0.0, 0.0, 0.17070452868938446]], "rot": [[1.0, 0.0, 0.0], [0.0, 0.0, -1.0], [0.0, 1.0, 0.0]]}
