{"scale": [[0.16585251688957214, 0.0, 0.0], [0.0, 0.16585251688957214, 0.0], [0.0, 0.0, 0.16585251688957214]], "rot": [[1.0, 0.0, 0.0], [0.0, 0.0, -1.0], [0.0, 1.0, 0.0]]}
