{"scale": [[0.274865061044693, 0.0, 0.0], [0.0, 0.274865061044693, 0.0], [0.0, 0.0, 0.274865061044693]], "rot": [[1.0, 0.0, 0.0], [0.0, 0.0, -1.0], [0.0, 1.0, 0.0]]}
