{"scale": [[0.2792739272117615, 0.0, 0.0], [0.0, 0.2792739272117615, 0.0], [0.0, 0.0, 0.2792739272117615]], "rot": [[1.0, 0.0, 0.0], [0.0, 0.0, -1.0], [0.0, 1.0, 0.0]]}
