{"scale": [[0.24454562366008759, 0.0, 0.0], [0.0, 0.24454562366008759, 0.0], [0.0, 0.0, 0.24454562366008759]], "rot": [[1.0, 0.0, 0.0], [0.0, 0.0, -1.0], [0.0, 1.0, 0.0]]}
