{"scale": [[0.17679306864738464, 0.0, 0.0], [0.0, 0.17679306864738464, 0.0], [0.0, 0.0, 0.17679306864738464]], "rot": [[1.0, 0.0, 0.0], [0.0, 0.0, -1.0], [0.0, 1.0, 0.0]]}
