{"scale": [[0.1816389113664627, 0.0, 0.0], [0.0, 0.1816389113664627, 0.0], [0.0, 0.0, 0.1816389113664627]], "rot": [[1.0, 0.0, 0.0], [0.0, 0.0, -1.0], [0.0, 1.0, 0.0]]}
