{"scale": [[0.22214800119400024, 0.0, 0.0], [0.0, 0.22214800119400024, 0.0], [0.0, 0.0, 0.22214800119400024]], "rot": [[1.0, 0.0, 0.0], [0.0, 0.0, -1.0], [0.0, 1.0, 0.0]]}
