{"scale": [[0.2972361743450165, 0.0, 0.0], [0.0, 0.2972361743450165, 0.0], [0.0, 0.0, 0.2972361743450165]], "rot": [[1.0, 0.0, 0.0], [0.0, 0.0, -1.0], [0.0, 1.0, 0.0]]}
