{"scale": [[0.1527971476316452, 0.0, 0.0], [0.0, 0.1527971476316452, 0.0], [0.0, 0.0, 0.1527971476316452]], "rot": [[1.0, 0.0, 0.0], [0.0, 0.0, -1.0], [0.0, 1.0, 0.0]]}
