{"scale": [[0.3007467985153198, 0.0, 0.0], [0.0, 0.3007467985153198, 0.0], [0.0, 0.0, 0.3007467985153198]], "rot": [[1.0, 0.0, 0.0], [0.0, 0.0, -1.0], [0.0, 1.0, 0.0]]}
