{"scale": [[0.2961390018463135, 0.0, 0.0], [0.0, 0.2961390018463135, 0.0], [0.0, 0.0, 0.2961390018463135]], "rot": [[1.0, 0.0, 0.0], [0.0, 0.0, -1.0], [0.0, 1.0, 0.0]]}
