{"scale": [[0.23337669670581818, 0.0, 0.0], [0.0, 0.23337669670581818, 0.0], [0.0, 0.0, 0.23337669670581818]], "rot": [[1.0, 0.0, 0.0], [0.0, 0.0, -1.0], [0.0, 1.0, 0.0]]}
