{"scale": [[0.19133256375789642, 0.0, 0.0], [0.0, 0.19133256375789642, 0.0], [0.0, 0.0, 0.19133256375789642]], "rot": [[1.0, 0.0, 0.0], [0.0, 0.0, -1.0], [0.0, 1.0, 0.0]]}
