{"scale": [[0.1941145956516266, 0.0, 0.0], [0.0, 0.1941145956516266, 0.0], [0.0, 0.0, 0.1941145956516266]], "rot": [[1.0, 0.0, 0.0], [0.0, 0.0, -1.0], [0.0, 1.0, 0.0]]}
