{"scale": [[0.20509064197540283, 0.0, 0.0], [0.0, 0.20509064197540283, 0.0], [0.0, 0.0, 0.20509064197540283]], "rot": [[1.0, 0.0, 0.0], [0.0, 0.0, -1.0], [0.0, 1.0, 0.0]]}
