{"scale": [[0.13167263567447662, 0.0, 0.0], [0.0, 0.13167263567447662, 0.0], [0.0, 0.0, 0.13167263567447662]], "rot": [[1.0, 0.0, 0.0], [0.0, 0.0, -1.0], [0.0, 1.0, 0.0]]}
