{"scale": [[0.20204326510429382, 0.0, 0.0], [0.0, 0.20204326510429382, 0.0], [0.0, 0.0, 0.20204326510429382]], "rot": [[1.0, 0.0, 0.0], [0.0, 0.0, -1.0], [0.0, 1.0, 0.0]]}
