{"scale": [[0.16517604887485504, 0.0, 0.0], [0.0, 0.16517604887485504, 0.0], [0.0, 0.0, 0.16517604887485504]], "rot": [[1.0, 0.0, 0.0], [0.0, 0.0, -1.0], [0.0, 1.0, 0.0]]}
