{"scale": [[0.24715182185173035, 0.0, 0.0], [0.0, 0.24715182185173035, 0.0], [0.0, 0.0, 0.24715182185173035]], "rot": [[1.0, 0.0, 0.0], [0.0, 0.0, -1.0], [0.0, 1.0, 0.0]]}
