{"scale": [[0.2814538776874542, 0.0, 0.0], [0.0, 0.2814538776874542, 0.0], [0.0, 0.0, 0.2814538776874542]], "rot": [[1.0, 0.0, 0.0], [0.0, 0.0, -1.0], [0.0, 1.0, 0.0]]}
