{"scale": [[0.23114696145057678, 0.0, 0.0], [0.0, 0.23114696145057678, 0.0], [0.0, 0.0, 0.23114696145057678]], "rot": [[1.0, 0.0, 0.0], [0.0, 0.0, -1.0], [0.0, 1.0, 0.0]]}
