{"scale": [[0.15995773673057556, 0.0, 0.0], [0.0, 0.15995773673057556, 0.0], [0.0, 0.0, 0.15995773673057556]], "rot": [[1.0, 0.0, 0.0], [0.0, 0.0, -1.0], [0.0, 1.0, 0.0]]}
