{"scale": [[0.20870457589626312, 0.0, 0.0], [0.0, 0.20870457589626312, 0.0], [0.0, 0.0, 0.20870457589626312]], "rot": [[1.0, 0.0, 0.0], [0.0, 0.0, -1.0], [0.0, 1.0, 0.0]]}
