{"scale": [[0.2218889445066452, 0.0, 0.0], [0.0, 0.2218889445066452, 0.0], [0.0, 0.0, 0.2218889445066452]], "rot": [[1.0, 0.0, 0.0], [0.0, 0.0, -1.0], [0.0, 1.0, 0.0]]}
