{"scale": [[0.2922554016113281, 0.0, 0.0], [0.0, 0.2922554016113281, 0.0], [0.0, 0.0, 0.2922554016113281]], "rot": [[1.0, 0.0, 0.0], [0.0, 0.0, -1.0], [0.0, 1.0, 0.0]]}
