{"scale": [[0.27216219902038574, 0.0, 0.0], [0.0, 0.27216219902038574, 0.0], [0.0, 0.0, 0.27216219902038574]], "rot": [[1.0, 0.0, 0.0], [0.0, 0.0, -1.0], [0.0, 1.0, 0.0]]}
