{"scale": [[0.22587604820728302, 0.0, 0.0], [0.0, 0.22587604820728302, 0.0], [0.0, 0.0, 0.22587604820728302]], "rot": [[1.0, 0.0, 0.0], [0.0, 0.0, -1.0], [0.0, 1.0, 0.0]]}
