{"scale": [[0.2634226381778717, 0.0, 0.0], [0.0, 0.2634226381778717, 0.0], [0.0, 0.0, 0.2634226381778717]], "rot": [[1.0, 0.0, 0.0], [0.0, 0.0, -1.0], [0.0, 1.0, 0.0]]}
