{"scale": [[0.2206197828054428, 0.0, 0.0], [0.0, 0.2206197828054428, 0.0], [0.0, 0.0, 0.2206197828054428]], "rot": [[1.0, 0.0, 0.0], [0.0, 0.0, -1.0], [0.0, 1.0, 0.0]]}
