{"scale": [[0.2362397313117981, 0.0, 0.0], [0.0, 0.2362397313117981, 0.0], [0.0, 0.0, 0.2362397313117981]], "rot": [[1.0, 0.0, 0.0], [0.0, 0.0, -1.0], [0.0, 1.0, 0.0]]}
