{"scale": [[0.1502625197172165, 0.0, 0.0], [0.0, 0.1502625197172165, 0.0], [0.0, 0.0, 0.1502625197172165]], "rot": [[1.0, 0.0, 0.0], [0.0, 0.0, -1.0], [0.0, 1.0, 0.0]]}
