{"scale": [[0.22339041531085968, 0.0, 0.0], [0.0, 0.22339041531085968, 0.0], [0.0, 0.0, 0.22339041531085968]], "rot": [[1.0, 0.0, 0.0], [0.0, 0.0, -1.0], [0.0, 1.0, 0.0]]}
