{"scale": [[0.23003412783145905, 0.0, 0.0], [0.0, 0.23003412783145905, 0.0], [0.0, 0.0, 0.23003412783145905]], "rot": [[1.0, 0.0, 0.0], [0.0, 0.0, -1.0], [0.0, 1.0, 0.0]]}
