{"scale": [[0.16576968133449554, 0.0, 0.0], [0.0, 0.16576968133449554, 0.0], [0.0, 0.0, 0.16576968133449554]], "rot": [[1.0, 0.0, 0.0], [0.0, 0.0, -1.0], [0.0, 1.0, 0.0]]}
