{"scale": [[0.228616863489151, 0.0, 0.0], [0.0, 0.228616863489151, 0.0], [0.0, 0.0, 0.228616863489151]], "rot": [[1.0, 0.0, 0.0], [0.0, 0.0, -1.0], [0.0, 1.0, 0.0]]}
