{"scale": [[0.30648064613342285, 0.0, 0.0], [0.0, 0.30648064613342285, 0.0], [0.0, 0.0, 0.30648064613342285]], "rot": [[1.0, 0.0, 0.0], [0.0, 0.0, -1.0], [0.0, 1.0, 0.0]]}
