{"scale": [[0.171682208776474, 0.0, 0.0], [0.0, 0.171682208776474, 0.0], [0.0, 0.0, 0.171682208776474]], "rot": [[1.0, 0.0, 0.0], [0.0, 0.0, -1.0], [0.0, 1.0, 0.0]]}
