{"scale": [[0.2230512499809265, 0.0, 0.0], [0.0, 0.2230512499809265, 0.0], [0.0, 0.0, 0.2230512499809265]], "rot": [[1.0, 0.0, 0.0], [0.0, 0.0, -1.0], [0.0, 1.0, 0.0]]}
