{"scale": [[0.2859495282173157, 0.0, 0.0], [0.0, 0.2859495282173157, 0.0], [0.0, 0.0, 0.2859495282173157]], "rot": [[1.0, 0.0, 0.0], [0.0, 0.0, -1.0], [0.0, 1.0, 0.0]]}
