{"scale": [[0.17072415351867676, 0.0, 0.0], [0.0, 0.17072415351867676, 0.0], [0.0, 0.0, 0.17072415351867676]], "rot": [[1.0, 0.0, 0.0], [0.0, 0.0, -1.0], [0.0, 1.0, 0.0]]}
