{"scale": [[0.18074898421764374, 0.0, 0.0], [0.0, 0.18074898421764374, 0.0], [0.0, 0.0, 0.18074898421764374]], "rot": [[1.0, 0.0, 0.0], [0.0, 0.0, -1.0], [0.0, 1.0, 0.0]]}
