{"scale": [[0.21757355332374573, 0.0, 0.0], [0.0, 0.21757355332374573, 0.0], [0.0, 0.0, 0.21757355332374573]], "rot": [[1.0, 0.0, 0.0], [0.0, 0.0, -1.0], [0.0, 1.0, 0.0]]}
