{"scale": [[0.2338491529226303, 0.0, 0.0], [0.0, 0.2338491529226303, 0.0], [0.0, 0.0, 0.2338491529226303]], "rot": [[1.0, 0.0, 0.0], [0.0, 0.0, -1.0], [0.0, 1.0, 0.0]]}
