{"scale": [[0.20617499947547913, 0.0, 0.0], [0.0, 0.20617499947547913, 0.0], [0.0, 0.0, 0.20617499947547913]], "rot": [[1.0, 0.0, 0.0], [0.0, 0.0, -1.0], [0.0, 1.0, 0.0]]}
