{"scale": [[0.21323570609092712, 0.0, 0.0], [0.0, 0.21323570609092712, 0.0], [0.0, 0.0, 0.21323570609092712]], "rot": [[1.0, 0.0, 0.0], [0.0, 0.0, -1.0], [0.0, 1.0, 0.0]]}
