{"scale": [[0.15750496089458466, 0.0, 0.0], [0.0, 0.15750496089458466, 0.0], [0.0, 0.0, 0.15750496089458466]], "rot": [[1.0, 0.0, 0.0], [0.0, 0.0, -1.0], [0.0, 1.0, 0.0]]}
