{"scale": [[0.23909054696559906, 0.0, 0.0], [0.0, 0.23909054696559906, 0.0], [0.0, 0.0, 0.23909054696559906]], "rot": [[1.0, 0.0, 0.0], [0.0, 0.0, -1.0], [0.0, 1.0, 0.0]]}
