{"scale": [[0.3043280839920044, 0.0, 0.0], [0.0, 0.3043280839920044, 0.0], [0.0, 0.0, 0.3043280839920044]], "rot": [[1.0, 0.0, 0.0], [0.0, 0.0, -1.0], [0.0, 1.0, 0.0]]}
