{"scale": [[0.21583926677703857, 0.0, 0.0], [0.0, 0.21583926677703857, 0.0], [0.0, 0.0, 0.21583926677703857]], "rot": [[1.0, 0.0, 0.0], [0.0, 0.0, -1.0], [0.0, 1.0, 0.0]]}
