{"scale": [[0.284563273191452, 0.0, 0.0], [0.0, 0.284563273191452, 0.0], [0.0, 0.0, 0.284563273191452]], "rot": [[1.0, 0.0, 0.0], [0.0, 0.0, -1.0], [0.0, 1.0, 0.0]]}
