{"scale": [[0.16721875965595245, 0.0, 0.0], [0.0, 0.16721875965595245, 0.0], [0.0, 0.0, 0.16721875965595245]], "rot": [[1.0, 0.0, 0.0], [0.0, 0.0, -1.0], [0.0, 1.0, 0.0]]}
