{"scale": [[0.24557219445705414, 0.0, 0.0], [0.0, 0.24557219445705414, 0.0], [0.0, 0.0, 0.24557219445705414]], "rot": [[1.0, 0.0, 0.0], [0.0, 0.0, -1.0], [0.0, 1.0, 0.0]]}
