{"scale": [[0.29946884512901306, 0.0, 0.0], [0.0, 0.29946884512901306, 0.0], [0.0, 0.0, 0.29946884512901306]], "rot": [[1.0, 0.0, 0.0], [0.0, 0.0, -1.0], [0.0, 1.0, 0.0]]}
