{"scale": [[0.2391924113035202, 0.0, 0.0], [0.0, 0.2391924113035202, 0.0], [0.0, 0.0, 0.2391924113035202]], "rot": [[1.0, 0.0, 0.0], [0.0, 0.0, -1.0], [0.0, 1.0, 0.0]]}
