{"scale": [[0.25843778252601624, 0.0, 0.0], [0.0, 0.25843778252601624, 0.0], [0.0, 0.0, 0.25843778252601624]], "rot": [[1.0, 0.0, 0.0], [0.0, 0.0, -1.0], [0.0, 1.0, 0.0]]}
