{"scale": [[0.20362621545791626, 0.0, 0.0], [0.0, 0.20362621545791626, 0.0], [0.0, 0.0, 0.20362621545791626]], "rot": [[1.0, 0.0, 0.0], [0.0, 0.0, -1.0], [0.0, 1.0, 0.0]]}
