{"scale": [[0.14422202110290527, 0.0, 0.0], [0.0, 0.14422202110290527, 0.0], [0.0, 0.0, 0.14422202110290527]], "rot": [[1.0, 0.0, 0.0], [0.0, 0.0, -1.0], [0.0, 1.0, 0.0]]}
