{"scale": [[0.25056856870651245, 0.0, 0.0], [0.0, 0.25056856870651245, 0.0], [0.0, 0.0, 0.25056856870651245]], "rot": [[1.0, 0.0, 0.0], [0.0, 0.0, -1.0], [0.0, 1.0, 0.0]]}
