{"scale": [[0.21364668011665344, 0.0, 0.0], [0.0, 0.21364668011665344, 0.0], [0.0, 0.0, 0.21364668011665344]], "rot": [[1.0, 0.0, 0.0], [0.0, 0.0, -1.0], [0.0, 1.0, 0.0]]}
