{"scale": [[0.2410336583852768, 0.0, 0.0], [0.0, 0.2410336583852768, 0.0], [0.0, 0.0, 0.2410336583852768]], "rot": [[1.0, 0.0, 0.0], [0.0, 0.0, -1.0], [0.0, 1.0, 0.0]]}
