{"scale": [[0.20253227651119232, 0.0, 0.0], [0.0, 0.20253227651119232, 0.0], [0.0, 0.0, 0.20253227651119232]], "rot": [[1.0, 0.0, 0.0], [0.0, 0.0, -1.0], [0.0, 1.0, 0.0]]}
