{"scale": [[0.300482839345932, 0.0, 0.0], [0.0, 0.300482839345932, 0.0], [0.0, 0.0, 0.300482839345932]], "rot": [[1.0, 0.0, 0.0], [0.0, 0.0, -1.0], [0.0, 1.0, 0.0]]}
