{"scale": [[0.1685526818037033, 0.0, 0.0], [0.0, 0.1685526818037033, 0.0], [0.0, 0.0, 0.1685526818037033]], "rot": [[1.0, 0.0, 0.0], [0.0, 0.0, -1.0], [0.0, 1.0, 0.0]]}
