{"scale": [[0.24799829721450806, 0.0, 0.0], [0.0, 0.24799829721450806, 0.0], [0.0, 0.0, 0.24799829721450806]], "rot": [[1.0, 0.0, 0.0], [0.0, 0.0, -1.0], [0.0, 1.0, 0.0]]}
