{"scale": [[0.20155806839466095, 0.0, 0.0], [0.0, 0.20155806839466095, 0.0], [0.0, 0.0, 0.20155806839466095]], "rot": [[1.0, 0.0, 0.0], [0.0, 0.0, -1.0], [0.0, 1.0, 0.0]]}
