{"scale": [[0.21529172360897064, 0.0, 0.0], [0.0, 0.21529172360897064, 0.0], [0.0, 0.0, 0.21529172360897064]], "rot": [[1.0, 0.0, 0.0], [0.0, 0.0, -1.0], [0.0, 1.0, 0.0]]}
