{"scale": [[0.16367045044898987, 0.0, 0.0], [0.0, 0.16367045044898987, 0.0], [0.0, 0.0, 0.16367045044898987]], "rot": [[1.0, 0.0, 0.0], [0.0, 0.0, -1.0], [0.0, 1.0, 0.0]]}
