{"scale": [[0.2263549268245697, 0.0, 0.0], [0.0, 0.2263549268245697, 0.0], [0.0, 0.0, 0.2263549268245697]], "rot": [[1.0, 0.0, 0.0], [0.0, 0.0, -1.0], [0.0, 1.0, 0.0]]}
