{"scale": [[0.21773920953273773, 0.0, 0.0], [0.0, 0.21773920953273773, 0.0], [0.0, 0.0, 0.21773920953273773]], "rot": [[1.0, 0.0, 0.0], [0.0, 0.0, -1.0], [0.0, 1.0, 0.0]]}
