{"scale": [[0.29062095284461975, 0.0, 0.0], [0.0, 0.29062095284461975, 0.0], [0.0, 0.0, 0.29062095284461975]], "rot": [[1.0, 0.0, 0.0], [0.0, 0.0, -1.0], [0.0, 1.0, 0.0]]}
