{"scale": [[0.15980708599090576, 0.0, 0.0], [0.0, 0.15980708599090576, 0.0], [0.0, 0.0, 0.15980708599090576]], "rot": [[1.0, 0.0, 0.0], [0.0, 0.0, -1.0], [0.0, 1.0, 0.0]]}
