{"scale": [[0.2721514403820038, 0.0, 0.0], [0.0, 0.2721514403820038, 0.0], [0.0, 0.0, 0.2721514403820038]], "rot": [[1.0, 0.0, 0.0], [0.0, 0.0, -1.0], [0.0, 1.0, 0.0]]}
