{"scale": [[0.15817376971244812, 0.0, 0.0], [0.0, 0.15817376971244812, 0.0], [0.0, 0.0, 0.15817376971244812]], "rot": [[1.0, 0.0, 0.0], [0.0, 0.0, -1.0], [0.0, 1.0, 0.0]]}
