{"scale": [[0.15449686348438263, 0.0, 0.0], [0.0, 0.15449686348438263, 0.0], [0.0, 0.0, 0.15449686348438263]], "rot": [[1.0, 0.0, 0.0], [0.0, 0.0, -1.0], [0.0, 1.0, 0.0]]}
