{"scale": [[0.21932727098464966, 0.0, 0.0], [0.0, 0.21932727098464966, 0.0], [0.0, 0.0, 0.21932727098464966]], "rot": [[1.0, 0.0, 0.0], [0.0, 0.0, -1.0], [0.0, 1.0, 0.0]]}
