{"scale": [[0.28552693128585815, 0.0, 0.0], [0.0, 0.28552693128585815, 0.0], [0.0, 0.0, 0.28552693128585815]], "rot": [[1.0, 0.0, 0.0], [0.0, 0.0, -1.0], [0.0, 1.0, 0.0]]}
