{"scale": [[0.2370418757200241, 0.0, 0.0], [0.0, 0.2370418757200241, 0.0], [0.0, 0.0, 0.2370418757200241]], "rot": [[1.0, 0.0, 0.0], [0.0, 0.0, -1.0], [0.0, 1.0, 0.0]]}
