{"scale": [[0.22232142090797424, 0.0, 0.0], [0.0, 0.22232142090797424, 0.0], [0.0, 0.0, 0.22232142090797424]], "rot": [[1.0, 0.0, 0.0], [0.0, 0.0, -1.0], [0.0, 1.0, 0.0]]}
