{"scale": [[0.24280714988708496, 0.0, 0.0], [0.0, 0.24280714988708496, 0.0], [0.0, 0.0, 0.24280714988708496]], "rot": [[1.0, 0.0, 0.0], [0.0, 0.0, -1.0], [0.0, 1.0, 0.0]]}
