{"scale": [[0.23185086250305176, 0.0, 0.0], [0.0, 0.23185086250305176, 0.0], [0.0, 0.0, 0.23185086250305176]], "rot": [[1.0, 0.0, 0.0], [0.0, 0.0, -1.0], [0.0, 1.0, 0.0]]}
