{"scale": [[0.2952831983566284, 0.0, 0.0], [0.0, 0.2952831983566284, 0.0], [0.0, 0.0, 0.2952831983566284]], "rot": [[1.0, 0.0, 0.0], [0.0, 0.0, -1.0], [0.0, 1.0, 0.0]]}
