{"scale": [[0.17318527400493622, 0.0, 0.0], [0.0, 0.17318527400493622, 0.0], [0.0, 0.0, 0.17318527400493622]], "rot": [[1.0, 0.0, 0.0], [0.0, 0.0, -1.0], [0.0, 1.0, 0.0]]}
