{"scale": [[0.1640518456697464, 0.0, 0.0], [0.0, 0.1640518456697464, 0.0], [0.0, 0.0, 0.1640518456697464]], "rot": [[1.0, 0.0, 0.0], [0.0, 0.0, -1.0], [0.0, 1.0, 0.0]]}
