{"scale": [[0.16293932497501373, 0.0, 0.0], [0.0, 0.16293932497501373, 0.0], [0.0, 0.0, 0.16293932497501373]], "rot": [[1.0, 0.0, 0.0], [0.0, 0.0, -1.0], [0.0, 1.0, 0.0]]}
