{"scale": [[0.17017227411270142, 0.0, 0.0], [0.0, 0.17017227411270142, 0.0], [0.0, 0.0, 0.17017227411270142]], "rot": [[1.0, 0.0, 0.0], [0.0, 0.0, -1.0], [0.0, 1.0, 0.0]]}
