{"scale": [[0.2763453722000122, 0.0, 0.0], [0.0, 0.2763453722000122, 0.0], [0.0, 0.0, 0.2763453722000122]], "rot": [[1.0, 0.0, 0.0], [0.0, 0.0, -1.0], [0.0, 1.0, 0.0]]}
