{"scale": [[0.24134984612464905, 0.0, 0.0], [0.0, 0.24134984612464905, 0.0], [0.0, 0.0, 0.24134984612464905]], "rot": [[1.0, 0.0, 0.0], [0.0, 0.0, -1.0], [0.0, 1.0, 0.0]]}
