{"scale": [[0.2037709802389145, 0.0, 0.0], [0.0, 0.2037709802389145, 0.0], [0.0, 0.0, 0.2037709802389145]], "rot": [[1.0, 0.0, 0.0], [0.0, 0.0, -1.0], [0.0, 1.0, 0.0]]}
