{"scale": [[0.15516597032546997, 0.0, 0.0], [0.0, 0.15516597032546997, 0.0], [0.0, 0.0, 0.15516597032546997]], "rot": [[1.0, 0.0, 0.0], [0.0, 0.0, -1.0], [0.0, 1.0, 0.0]]}
