{"scale": [[0.2788439989089966, 0.0, 0.0], [0.0, 0.2788439989089966, 0.0], [0.0, 0.0, 0.2788439989089966]], "rot": [[1.0, 0.0, 0.0], [0.0, 0.0, -1.0], [0.0, 1.0, 0.0]]}
