{"scale": [[0.23671133816242218, 0.0, 0.0], [0.0, 0.23671133816242218, 0.0], [0.0, 0.0, 0.23671133816242218]], "rot": [[1.0, 0.0, 0.0], [0.0, 0.0, -1.0], [0.0, 1.0, 0.0]]}
