{"scale": [[0.23303860425949097, 0.0, 0.0], [0.0, 0.23303860425949097, 0.0], [0.0, 0.0, 0.23303860425949097]], "rot": [[1.0, 0.0, 0.0], [0.0, 0.0, -1.0], [0.0, 1.0, 0.0]]}
