{"scale": [[0.23468296229839325, 0.0, 0.0], [0.0, 0.23468296229839325, 0.0], [0.0, 0.0, 0.23468296229839325]], "rot": [[1.0, 0.0, 0.0], [0.0, 0.0, -1.0], [0.0, 1.0, 0.0]]}
