{"scale": [[0.21922771632671356, 0.0, 0.0], [0.0, 0.21922771632671356, 0.0], [0.0, 0.0, 0.21922771632671356]], "rot": [[1.0, 0.0, 0.0], [0.0, 0.0, -1.0], [0.0, 1.0, 0.0]]}
