{"scale": [[0.30540722608566284, 0.0, 0.0], [0.0, 0.30540722608566284, 0.0], [0.0, 0.0, 0.30540722608566284]], "rot": [[1.0, 0.0, 0.0], [0.0, 0.0, -1.0], [0.0, 1.0, 0.0]]}
