{"scale": [[0.24354113638401031, 0.0, 0.0], [0.0, 0.24354113638401031, 0.0], [0.0, 0.0, 0.24354113638401031]], "rot": [[1.0, 0.0, 0.0], [0.0, 0.0, -1.0], [0.0, 1.0, 0.0]]}
