{"scale": [[0.22073489427566528, 0.0, 0.0], [0.0, 0.22073489427566528, 0.0], [0.0, 0.0, 0.22073489427566528]], "rot": [[1.0, 0.0, 0.0], [0.0, 0.0, -1.0], [0.0, 1.0, 0.0]]}
