{"scale": [[0.20672987401485443, 0.0, 0.0], [0.0, 0.20672987401485443, 0.0], [0.0, 0.0, 0.20672987401485443]], "rot": [[1.0, 0.0, 0.0], [0.0, 0.0, -1.0], [0.0, 1.0, 0.0]]}
