{"scale": [[0.1603575348854065, 0.0, 0.0], [0.0, 0.1603575348854065, 0.0], [0.0, 0.0, 0.1603575348854065]], "rot": [[1.0, 0.0, 0.0], [0.0, 0.0, -1.0], [0.0, 1.0, 0.0]]}
