{"scale": [[0.2365512251853943, 0.0, 0.0], [0.0, 0.2365512251853943, 0.0], [0.0, 0.0, 0.2365512251853943]], "rot": [[1.0, 0.0, 0.0], [0.0, 0.0, -1.0], [0.0, 1.0, 0.0]]}
