{"scale": [[0.30610233545303345, 0.0, 0.0], [0.0, 0.30610233545303345, 0.0], [0.0, 0.0, 0.30610233545303345]], "rot": [[1.0, 0.0, 0.0], [0.0, 0.0, -1.0], [0.0, 1.0, 0.0]]}
