{"scale": [[0.2789682149887085, 0.0, 0.0], [0.0, 0.2789682149887085, 0.0], [0.0, 0.0, 0.2789682149887085]], "rot": [[1.0, 0.0, 0.0], [0.0, 0.0, -1.0], [0.0, 1.0, 0.0]]}
