{"scale": [[0.2073851078748703, 0.0, 0.0], [0.0, 0.2073851078748703, 0.0], [0.0, 0.0, 0.2073851078748703]], "rot": [[1.0, 0.0, 0.0], [0.0, 0.0, -1.0], [0.0, 1.0, 0.0]]}
