{"scale": [[0.2074701339006424, 0.0, 0.0], [0.0, 0.2074701339006424, 0.0], [0.0, 0.0, 0.2074701339006424]], "rot": [[1.0, 0.0, 0.0], [0.0, 0.0, -1.0], [0.0, 1.0, 0.0]]}
