{"scale": [[0.3053401708602905, 0.0, 0.0], [0.0, 0.3053401708602905, 0.0], [0.0, 0.0, 0.3053401708602905]], "rot": [[1.0, 0.0, 0.0], [0.0, 0.0, -1.0], [0.0, 1.0, 0.0]]}
