{"scale": [[0.21474795043468475, 0.0, 0.0], [0.0, 0.21474795043468475, 0.0], [0.0, 0.0, 0.21474795043468475]], "rot": [[1.0, 0.0, 0.0], [0.0, 0.0, -1.0], [0.0, 1.0, 0.0]]}
