{"scale": [[0.2074403017759323, 0.0, 0.0], [0.0, 0.2074403017759323, 0.0], [0.0, 0.0, 0.2074403017759323]], "rot": [[1.0, 0.0, 0.0], [0.0, 0.0, -1.0], [0.0, 1.0, 0.0]]}
