{"scale": [[0.16998566687107086, 0.0, 0.0], [0.0, 0.16998566687107086, 0.0], [0.0, 0.0, 0.16998566687107086]], "rot": [[1.0, 0.0, 0.0], [0.0, 0.0, -1.0], [0.0, 1.0, 0.0]]}
