{"scale": [[0.30023840069770813, 0.0, 0.0], [0.0, 0.30023840069770813, 0.0], [0.0, 0.0, 0.30023840069770813]], "rot": [[1.0, 0.0, 0.0], [0.0, 0.0, -1.0], [0.0, 1.0, 0.0]]}
