{"scale": [[0.2975848913192749, 0.0, 0.0], [0.0, 0.2975848913192749, 0.0], [0.0, 0.0, 0.2975848913192749]], "rot": [[1.0, 0.0, 0.0], [0.0, 0.0, -1.0], [0.0, 1.0, 0.0]]}
