{"scale": [[0.20475472509860992, 0.0, 0.0], [0.0, 0.20475472509860992, 0.0], [0.0, 0.0, 0.20475472509860992]], "rot": [[1.0, 0.0, 0.0], [0.0, 0.0, -1.0], [0.0, 1.0, 0.0]]}
