{"scale": [[0.15696492791175842, 0.0, 0.0], [0.0, 0.15696492791175842, 0.0], [0.0, 0.0, 0.15696492791175842]], "rot": [[1.0, 0.0, 0.0], [0.0, 0.0, -1.0], [0.0, 1.0, 0.0]]}
