{"scale": [[0.17967551946640015, 0.0, 0.0], [0.0, 0.17967551946640015, 0.0], [0.0, 0.0, 0.17967551946640015]], "rot": [[1.0, 0.0, 0.0], [0.0, 0.0, -1.0], [0.0, 1.0, 0.0]]}
