{"scale": [[0.2066010981798172, 0.0, 0.0], [0.0, 0.2066010981798172, 0.0], [0.0, 0.0, 0.2066010981798172]], "rot": [[1.0, 0.0, 0.0], [0.0, 0.0, -1.0], [0.0, 1.0, 0.0]]}
