{"scale": [[0.16663093864917755, 0.0, 0.0], [0.0, 0.16663093864917755, 0.0], [0.0, 0.0, 0.16663093864917755]], "rot": [[1.0, 0.0, 0.0], [0.0, 0.0, -1.0], [0.0, 1.0, 0.0]]}
