{"scale": [[0.232884019613266, 0.0, 0.0], [0.0, 0.232884019613266, 0.0], [0.0, 0.0, 0.232884019613266]], "rot": [[1.0, 0.0, 0.0], [0.0, 0.0, -1.0], [0.0, 1.0, 0.0]]}
