{"scale": [[0.23801010847091675, 0.0, 0.0], [0.0, 0.23801010847091675, 0.0], [0.0, 0.0, 0.23801010847091675]], "rot": [[1.0, 0.0, 0.0], [0.0, 0.0, -1.0], [0.0, 1.0, 0.0]]}
