{"scale": [[0.25881093740463257, 0.0, 0.0], [0.0, 0.25881093740463257, 0.0], [0.0, 0.0, 0.25881093740463257]], "rot": [[1.0, 0.0, 0.0], [0.0, 0.0, -1.0], [0.0, 1.0, 0.0]]}
