{"scale": [[0.2261282354593277, 0.0, 0.0], [0.0, 0.2261282354593277, 0.0], [0.0, 0.0, 0.2261282354593277]], "rot": [[1.0, 0.0, 0.0], [0.0, 0.0, -1.0], [0.0, 1.0, 0.0]]}
