{"scale": [[0.2410477250814438, 0.0, 0.0], [0.0, 0.2410477250814438, 0.0], [0.0, 0.0, 0.2410477250814438]], "rot": [[1.0, 0.0, 0.0], [0.0, 0.0, -1.0], [0.0, 1.0, 0.0]]}
