{"scale": [[0.2731007933616638, 0.0, 0.0], [0.0, 0.2731007933616638, 0.0], [0.0, 0.0, 0.2731007933616638]], "rot": [[1.0, 0.0, 0.0], [0.0, 0.0, -1.0], [0.0, 1.0, 0.0]]}
