{"scale": [[0.2968538999557495, 0.0, 0.0], [0.0, 0.2968538999557495, 0.0], [0.0, 0.0, 0.2968538999557495]], "rot": [[1.0, 0.0, 0.0], [0.0, 0.0, -1.0], [0.0, 1.0, 0.0]]}
