{"scale": [[0.18090997636318207, 0.0, 0.0], [0.0, 0.18090997636318207, 0.0], [0.0, 0.0, 0.18090997636318207]], "rot": [[1.0, 0.0, 0.0], [0.0, 0.0, -1.0], [0.0, 1.0, 0.0]]}
