{"scale": [[0.16523778438568115, 0.0, 0.0], [0.0, 0.16523778438568115, 0.0], [0.0, 0.0, 0.16523778438568115]], "rot": [[1.0, 0.0, 0.0], [0.0, 0.0, -1.0], [0.0, 1.0, 0.0]]}
