{"scale": [[0.29254597425460815, 0.0, 0.0], [0.0, 0.29254597425460815, 0.0], [0.0, 0.0, 0.29254597425460815]], "rot": [[1.0, 0.0, 0.0], [0.0, 0.0, -1.0], [0.0, 1.0, 0.0]]}
