{"scale": [[0.2079903930425644, 0.0, 0.0], [0.0, 0.2079903930425644, 0.0], [0.0, 0.0, 0.2079903930425644]], "rot": [[1.0, 0.0, 0.0], [0.0, 0.0, -1.0], [0.0, 1.0, 0.0]]}
