{"scale": [[0.3001393675804138, 0.0, 0.0], [0.0, 0.3001393675804138, 0.0], [0.0, 0.0, 0.3001393675804138]], "rot": [[1.0, 0.0, 0.0], [0.0, 0.0, -1.0], [0.0, 1.0, 0.0]]}
