{"scale": [[0.23747868835926056, 0.0, 0.0], [0.0, 0.23747868835926056, 0.0], [0.0, 0.0, 0.23747868835926056]], "rot": [[1.0, 0.0, 0.0], [0.0, 0.0, -1.0], [0.0, 1.0, 0.0]]}
