{"scale": [[0.2981354892253876, 0.0, 0.0], [0.0, 0.2981354892253876, 0.0], [0.0, 0.0, 0.2981354892253876]], "rot": [[1.0, 0.0, 0.0], [0.0, 0.0, -1.0], [0.0, 1.0, 0.0]]}
