{"scale": [[0.16840258240699768, 0.0, 0.0], [0.0, 0.16840258240699768, 0.0], [0.0, 0.0, 0.16840258240699768]], "rot": [[1.0, 0.0, 0.0], [0.0, 0.0, -1.0], [0.0, 1.0, 0.0]]}
