{"scale": [[0.2095527946949005, 0.0, 0.0], [0.0, 0.2095527946949005, 0.0], [0.0, 0.0, 0.2095527946949005]], "rot": [[1.0, 0.0, 0.0], [0.0, 0.0, -1.0], [0.0, 1.0, 0.0]]}
