{"scale": [[0.15748612582683563, 0.0, 0.0], [0.0, 0.15748612582683563, 0.0], [0.0, 0.0, 0.15748612582683563]], "rot": [[1.0, 0.0, 0.0], [0.0, 0.0, -1.0], [0.0, 1.0, 0.0]]}
