{"scale": [[0.22797124087810516, 0.0, 0.0], [0.0, 0.22797124087810516, 0.0], [0.0, 0.0, 0.22797124087810516]], "rot": [[1.0, 0.0, 0.0], [0.0, 0.0, -1.0], [0.0, 1.0, 0.0]]}
