{"scale": [[0.20723944902420044, 0.0, 0.0], [0.0, 0.20723944902420044, 0.0], [0.0, 0.0, 0.20723944902420044]], "rot": [[1.0, 0.0, 0.0], [0.0, 0.0, -1.0], [0.0, 1.0, 0.0]]}
