{"scale": [[0.22583706676959991, 0.0, 0.0], [0.0, 0.22583706676959991, 0.0], [0.0, 0.0, 0.22583706676959991]], "rot": [[1.0, 0.0, 0.0], [0.0, 0.0, -1.0], [0.0, 1.0, 0.0]]}
