{"scale": [[0.2165297120809555, 0.0, 0.0], [0.0, 0.2165297120809555, 0.0], [0.0, 0.0, 0.2165297120809555]], "rot": [[1.0, 0.0, 0.0], [0.0, 0.0, -1.0], [0.0, 1.0, 0.0]]}
