{"scale": [[0.16703493893146515, 0.0, 0.0], [0.0, 0.16703493893146515, 0.0], [0.0, 0.0, 0.16703493893146515]], "rot": [[1.0, 0.0, 0.0], [0.0, 0.0, -1.0], [0.0, 1.0, 0.0]]}
