{"scale": [[0.20649774372577667, 0.0, 0.0], [0.0, 0.20649774372577667, 0.0], [0.0, 0.0, 0.20649774372577667]], "rot": [[1.0, 0.0, 0.0], [0.0, 0.0, -1.0], [0.0, 1.0, 0.0]]}
