{"scale": [[0.237233966588974, 0.0, 0.0], [0.0, 0.237233966588974, 0.0], [0.0, 0.0, 0.237233966588974]], "rot": [[1.0, 0.0, 0.0], [0.0, 0.0, -1.0], [0.0, 1.0, 0.0]]}
